{
  "results": [
    {
      "Created Date": "2024-04-01T02:39:35.603Z",
      "Company_Token": "5dce19710a5e26ab8b7b8986cb3c49e58C291791B7F0A7AEB8AFBFCEED7DC03BC48FF5F8",
      "Demo": true,
      "_id": "1711939174760x242104073336651780",
      "Max_Num_Of_Vehicles": 1,
      "Type_Of_Industry": "Transportation & Logistics",
      "Company_Name": "Mylerz-Demo",
      "Numbers_of_Employees": 14,
      "Created By": "1711938808706x301630168259237060",
      "Modified Date": "2024-12-26T12:04:40.815Z"
    },
    {
      "Created By": "1713833921394x926326117915323600",
      "Distributor": "1745830631844x288769823819132740",
      "Created Date": "2024-04-23T01:05:44.682Z",
      "Demo": true,
      "Numbers_of_Employees": 21,
      "Type_Of_Industry": "Other",
      "Modified Date": "2025-05-17T22:00:11.491Z",
      "Company_Name": "HNDL - Demo 2",
      "Company_Token": "5dce19710a5e26ab8b7b8986cb3c49e58C291791B7F0A7AEB8AFBFCEED7DC03BC48FF5F8",
      "account_type": "Professional",
      "Max_Num_Of_Vehicles": 300,
      "_id": "1713834343804x153591611363164160",
      "subscription_status": "Expired",
      "subscription_count": 0,
      "contact name": "Demo Contact "
    },
    {
      "_id": "1717327111981x458026408256733200",
      "Company_Token": "5dce19710a5e26ab8b7b8986cb3c49e58C291791B7F0A7AEB8AFBFCEED7DC03BC48FF5F8",
      "Max_Num_Of_Vehicles": 30,
      "Type_Of_Industry": "Retail, Wholesale & Manufacturing",
      "Numbers_of_Employees": 4,
      "Created Date": "2024-06-02T11:18:32.845Z",
      "Modified Date": "2025-02-13T22:19:35.072Z",
      "Company_Name": "Wadi Group",
      "Created By": "1717166970436x554697647428963800",
      "Demo": true
    },
    {
      "Company_Name": "Al Khair Trans",
      "Modified Date": "2024-12-26T12:06:34.339Z",
      "Company_Token": "5dce19710a5e26ab8b7b8986cb3c49e58C291791B7F0A7AEB8AFBFCEED7DC03BC48FF5F8",
      "Max_Num_Of_Vehicles": 85,
      "Created By": "1721721583216x818318949800585600",
      "Numbers_of_Employees": 3,
      "Type_Of_Industry": "Transportation & Logistics",
      "Created Date": "2024-07-23T08:03:58.579Z",
      "_id": "1721721837420x943349699737813000",
      "Demo": true
    },
    {
      "_id": "1729092982497x927417930882744300",
      "Numbers_of_Employees": 6,
      "GPS-Provider": "Teltonika",
      "Created Date": "2024-10-16T15:36:24.469Z",
      "is_smartone?": false,
      "account_type": "Premium",
      "Country": "Egypt",
      "Created By": "1729092750500x697359453264522900",
      "Type_Of_Industry": "Transportation & Logistics",
      "Max_Num_Of_Vehicles": 10,
      "Speed Threshold": 80,
      "Company_Token": "d7qwRdS4YEsUdFYWzJuhrgW9liLOfWoY10oNFklQ0TB3tgKpa7lr63WatfvxM7mc",
      "Company_Name": "Alalamia",
      "Demo": false,
      "Modified Date": "2025-02-24T11:35:44.120Z"
    },
    {
      "Modified Date": "2025-01-20T14:31:10.964Z",
      "Type_Of_Industry": "Information & Telecommunications",
      "Created Date": "2024-10-30T11:26:57.604Z",
      "Demo": true,
      "Company_Name": "Amankom",
      "Country": "Egypt",
      "Created By": "1730287489249x855583321331188400",
      "Type_Of_Indusrty_txt": "المعلومات والاتصالات",
      "Max_Num_Of_Vehicles": 0,
      "Company_Token": "5dce19710a5e26ab8b7b8986cb3c49e58C291791B7F0A7AEB8AFBFCEED7DC03BC48FF5F8",
      "_id": "1730287617230x234588565125201900"
    },
    {
      "Created By": "1730675921056x485804344844740700",
      "Demo": true,
      "Modified Date": "2024-12-26T12:08:27.636Z",
      "Company_Token": "5dce19710a5e26ab8b7b8986cb3c49e58C291791B7F0A7AEB8AFBFCEED7DC03BC48FF5F8",
      "_id": "1730676524594x319049713773445100",
      "Created Date": "2024-11-03T23:28:45.014Z",
      "Type_Of_Industry": "Information & Telecommunications",
      "Company_Name": "ETIT",
      "Max_Num_Of_Vehicles": 1
    },
    {
      "Max_Num_Of_Vehicles": 1000,
      "Country": "Egypt",
      "Created By": "1731305901181x544477283583706400",
      "contact name": "Mohamed Ahmed",
      "Modified Date": "2025-05-17T22:00:11.503Z",
      "Distributor": "1745830631844x288769823819132740",
      "_id": "1731311231696x518583105658028000",
      "subscription_status": "Active",
      "Type_Of_Indusrty_txt": "لنقل والخدمات اللوجستية",
      "account_type": "Premium",
      "Created Date": "2024-11-11T07:47:12.269Z",
      "subscription_count": 9999992,
      "Type_Of_Industry": "Transportation & Logistics",
      "Company_Name": "HNDL Demo",
      "Demo": true,
      "Company_Token": "5dce19710a5e26ab8b7b8986cb3c49e58C291791B7F0A7AEB8AFBFCEED7DC03BC48FF5F8"
    },
    {
      "_id": "1732804450217x740150368369901600",
      "Company_Token": "5dce19710a5e26ab8b7b8986cb3c49e58C291791B7F0A7AEB8AFBFCEED7DC03BC48FF5F8",
      "Country": "Egypt",
      "Created Date": "2024-11-28T14:34:11.817Z",
      "Max_Num_Of_Vehicles": 10,
      "Modified Date": "2024-12-26T12:07:54.436Z",
      "Numbers_of_Employees": 6,
      "Company_Name": "Rayan",
      "Type_Of_Indusrty_txt": "الإيجار والتأجير",
      "Created By": "1732804320460x992780518977438000",
      "GPS-Provider": "Teltonika",
      "Type_Of_Industry": "Rental & Leasing",
      "Demo": true
    },
    {
      "Company_Token": "HKCadQRcJUz9fHJeOUEOL1im2NtTFiA26oVXjwhUnTtkkKRbeadJallw7RymKGyi",
      "Max_Num_Of_Vehicles": 20,
      "Numbers_of_Employees": 9,
      "company photo": "//4a98feb68df3adf88a4e7cfd2bcad169.cdn.bubble.io/f1746474066965x104599776657921860/logo-square.png",
      "Created Date": "2024-11-30T16:43:40.161Z",
      "Type_Of_Indusrty_txt": "التجزئة والجملة والتصنيع",
      "Company_Name": "LAMAICA",
      "Modified Date": "2025-05-05T19:42:35.430Z",
      "Type_Of_Industry": "Retail, Wholesale & Manufacturing",
      "subscription_status": "Active",
      "free_trial_count": 1,
      "Demo": true,
      "account_type": "Professional",
      "Created By": "1732984893766x612362312558185200",
      "Country": "Egypt",
      "GPS-Provider": "Teltonika",
      "_id": "1732985019622x163136005819858940",
      "Speed Threshold": 80
    },
    {
      "Company_Name": "Target Egypt",
      "Max_Num_Of_Vehicles": 260,
      "Type_Of_Industry": "Transportation & Logistics",
      "Created By": "1732985455860x305429366246427600",
      "Created Date": "2024-11-30T17:04:31.719Z",
      "Country": "Egypt",
      "Type_Of_Indusrty_txt": "لنقل والخدمات اللوجستية",
      "Demo": true,
      "Company_Token": "5dce19710a5e26ab8b7b8986cb3c49e58C291791B7F0A7AEB8AFBFCEED7DC03BC48FF5F8",
      "_id": "1732986270968x745188753402232800",
      "Modified Date": "2024-12-26T12:08:07.033Z"
    },
    {
      "Max_Num_Of_Vehicles": 4000,
      "Numbers_of_Employees": 3,
      "_id": "1733123557808x957805210032668700",
      "Type_Of_Industry": "Other",
      "Modified Date": "2025-05-17T17:35:40.558Z",
      "is_smartone?": false,
      "Company_Token": "BRfm7lFHXQ9IZNPIQv010NBeDKfdgJN5yPm6iH5JTxPKDkRkE7GsWBzSCrLGuy4H",
      "account_type": "Demo Account",
      "Country": "Saudi Arabia",
      "Company_Name": "HNDL-D",
      "Type_Of_Indusrty_txt": "آخر",
      "GPS-Provider": "Teltonika",
      "Created Date": "2024-12-02T07:12:39.746Z",
      "Created By": "1733123315605x964960845800401800"
    },
    {
      "is_smartone?": false,
      "Numbers_of_Employees": 7,
      "Type_Of_Indusrty_txt": "التجزئة والجملة والتصنيع",
      "Created By": "1735469462603x519919519190064060",
      "Company_Token": "56H5sDZIuVTBByHc6GuCx9qch9Td79LRjjr7VmQ01FGJ4ES970VuCkvDX4GxIXsH",
      "account_type": "Professional",
      "Modified Date": "2025-05-05T19:14:38.962Z",
      "Type_Of_Industry": "Retail, Wholesale & Manufacturing",
      "subscription_cycle": "yearly",
      "Speed Threshold": 80,
      "Demo": true,
      "Max_Num_Of_Vehicles": 20,
      "Company_Name": "ElRabee Group ",
      "Created Date": "2024-12-29T10:53:16.434Z",
      "company photo": "//4a98feb68df3adf88a4e7cfd2bcad169.cdn.bubble.io/f1746472474519x687583574897588100/logo-elrabi32.png",
      "GPS-Provider": "Teltonika",
      "Country": "Egypt",
      "_id": "1735469595658x227608463719268350"
    },
    {
      "Country": "Egypt",
      "Created By": "1737178887930x530493178077662900",
      "Max_Num_Of_Vehicles": 4,
      "Created Date": "2025-01-18T05:44:31.608Z",
      "Company_Name": "Alice sec",
      "_id": "1737179058496x848030513795432400",
      "is_smartone?": false,
      "Company_Token": "5dce19710a5e26ab8b7b8986cb3c49e58C291791B7F0A7AEB8AFBFCEED7DC03BC48FF5F8",
      "Demo": true,
      "Type_Of_Industry": "Non-Profit/Religious Organizations",
      "Modified Date": "2025-01-18T05:44:31.609Z"
    },
    {
      "_id": "1738057169153x904406618343997400",
      "Company_Name": "Nova Water",
      "Numbers_of_Employees": 2,
      "Created Date": "2025-01-28T09:39:29.918Z",
      "Company_Token": "5dce19710a5e26ab8b7b8986cb3c49e58C291791B7F0A7AEB8AFBFCEED7DC03BC48FF5F8",
      "Country": "Saudi Arabia",
      "Max_Num_Of_Vehicles": 670,
      "is_smartone?": true,
      "Closed Modules": "1738447973730x794502209626113200",
      "Modified Date": "2025-05-05T18:53:15.298Z",
      "Speed Threshold": 80,
      "Distributor": "1740223972534x221194581678227460",
      "Created By": "1738056855901x788314217656593800",
      "Type_Of_Indusrty_txt": "آخر",
      "Type_Of_Industry": "Other",
      "company photo": "//4a98feb68df3adf88a4e7cfd2bcad169.cdn.bubble.io/f1746471190339x106370305248553620/EN_4x.png",
      "Demo": false
    },
    {
      "_id": "1738584973328x966150037554593800",
      "Created Date": "2025-02-03T12:16:14.566Z",
      "Speed Threshold": 80,
      "Numbers_of_Employees": 5,
      "Country": "Saudi Arabia",
      "Created By": "1738584786806x352475133539575940",
      "Type_Of_Industry": "FMCG",
      "Closed Modules": "1738585394617x508887934579466800",
      "Max_Num_Of_Vehicles": 11015,
      "Distributor": "1740223972534x221194581678227460",
      "is_smartone?": true,
      "Demo": false,
      "Modified Date": "2025-04-02T22:57:51.023Z",
      "Company_Name": "Hana",
      "subscription_count": -6
    },
    {
      "Company_Name": "SESCO Trans",
      "Company_Token": "AUHGVtjYfhcJopxcelK96EOBtF94g8A82gW3SK0FDSOXpV0eVE5O2piD9f6WieUL",
      "Speed Threshold": 80,
      "is_smartone?": false,
      "Modified Date": "2025-04-07T09:00:53.360Z",
      "Type_Of_Industry": "Transportation & Logistics",
      "Created Date": "2025-02-11T10:09:29.318Z",
      "Max_Num_Of_Vehicles": 600,
      "GPS-Provider": "Teltonika",
      "account_type": "Free Trial",
      "subscription_status": "Expired",
      "free_trial_count": 0,
      "_id": "1739268568349x707322318521368600",
      "Created By": "1739268423369x565355509513197440",
      "Country": "Egypt",
      "Demo": true
    },
    {
      "Modified Date": "2025-05-17T22:00:11.552Z",
      "Created By": "1739449743671x493450923841438640",
      "is_smartone?": false,
      "Max_Num_Of_Vehicles": 300,
      "account_type": "Premium",
      "Company_Token": "d7qwRdS4YEsUdFYWzJuhrgW9liLOfWoY10oNFklQ0TB3tgKpa7lr63WatfvxM7mc",
      "subscription_count": 29,
      "Type_Of_Indusrty_txt": "المعلومات والاتصالات",
      "Speed Threshold": 80,
      "_id": "1739449763289x169809257707077630",
      "subscription_status": "Active",
      "is_Distributor": false,
      "Created Date": "2025-02-13T12:29:25.468Z",
      "Demo": true,
      "Country": "Egypt",
      "Type_Of_Industry": "Information & Telecommunications",
      "Company_Name": "El Mahdy Group",
      "Numbers_of_Employees": 8,
      "GPS-Provider": "Teltonika"
    },
    {
      "is_smartone?": false,
      "Company_Name": "Hana",
      "Demo": true,
      "is_Distributor": false,
      "Created Date": "2025-02-18T12:30:19.996Z",
      "Company_Token": "d7qwRdS4YEsUdFYWzJuhrgW9liLOfWoY10oNFklQ0TB3tgKpa7lr63WatfvxM7mc",
      "account_type": "Premium",
      "subscription_count": 9929,
      "_id": "1739881819388x977297460140703700",
      "Country": "Egypt",
      "Created By": "1739881729273x490789440083285760",
      "subscription_status": "Active",
      "Max_Num_Of_Vehicles": 115,
      "Modified Date": "2025-05-17T22:00:11.627Z",
      "Speed Threshold": 80,
      "Type_Of_Industry": "Other"
    },
    {
      "is_smartone?": false,
      "Country": "Egypt",
      "Created By": "1739881891106x435324561277034240",
      "Modified Date": "2025-05-17T22:00:11.677Z",
      "Type_Of_Industry": "Transportation & Logistics",
      "subscription_count": 929,
      "Created Date": "2025-02-18T12:35:17.020Z",
      "Demo": true,
      "Max_Num_Of_Vehicles": 100,
      "Company_Name": "Shafei",
      "Speed Threshold": 80,
      "Company_Token": "d7qwRdS4YEsUdFYWzJuhrgW9liLOfWoY10oNFklQ0TB3tgKpa7lr63WatfvxM7mc",
      "subscription_status": "Active",
      "_id": "1739882116686x667764134536020000",
      "account_type": "Premium",
      "is_Distributor": false,
      "GPS-Provider": "Teltonika"
    },
    {
      "Numbers_of_Employees": 4,
      "Company_Token": "d7qwRdS4YEsUdFYWzJuhrgW9liLOfWoY10oNFklQ0TB3tgKpa7lr63WatfvxM7mc",
      "subscription_status": "Active",
      "subscription_count": 929,
      "Demo": true,
      "Company_Name": "HANA_HNDL",
      "is_Distributor": false,
      "_id": "1739882596959x964556321440137200",
      "account_type": "Premium",
      "Created Date": "2025-02-18T12:43:17.690Z",
      "Created By": "1739882499950x171502164527437280",
      "is_smartone?": false,
      "GPS-Provider": "Teltonika",
      "Type_Of_Indusrty_txt": "لنقل والخدمات اللوجستية",
      "Type_Of_Industry": "Transportation & Logistics",
      "Speed Threshold": 80,
      "Max_Num_Of_Vehicles": 50,
      "Country": "Egypt",
      "Modified Date": "2025-05-17T22:00:12.050Z"
    },
    {
      "Max_Num_Of_Vehicles": 20,
      "Type_Of_Industry": "Transportation & Logistics",
      "Speed Threshold": 80,
      "company_ids_list": [
        "1738057169153x904406618343997400",
        "1738584973328x966150037554593800"
      ],
      "Company_Name": "Smartone-D",
      "Created By": "1740223845104x107308075407654980",
      "is_Distributor": true,
      "subscription_status": "Active",
      "Modified Date": "2025-02-22T11:35:02.491Z",
      "Country": "Saudi Arabia",
      "Created Date": "2025-02-22T11:32:55.381Z",
      "Demo": true,
      "_id": "1740223972534x221194581678227460",
      "is_smartone?": true
    },
    {
      "Country": "Egypt",
      "Type_Of_Indusrty_txt": "آخر",
      "_id": "1741867604238x375490435376480260",
      "is_smartone?": false,
      "Speed Threshold": 80,
      "Type_Of_Industry": "Other",
      "Max_Num_Of_Vehicles": 52,
      "is_Distributor": false,
      "Modified Date": "2025-03-13T12:16:18.603Z",
      "Created Date": "2025-03-13T12:06:43.266Z",
      "Company_Name": "Orient Hamad",
      "subscription_status": "Active",
      "Created By": "1741866332734x513455391497370940",
      "Demo": true
    },
    {
      "Created By": "1742032681529x255729771622652320",
      "is_smartone?": false,
      "Company_Token": "J8uF3GY7N3l77jmIknnJcHEL88GctZzLj2zqSJw5jJsKHhEZZQCaTnWzPoRkV3WA",
      "account_type": "Professional",
      "Type_Of_Industry": "Other",
      "Country": "Egypt",
      "Modified Date": "2025-05-05T19:18:28.098Z",
      "GPS-Provider": "Teltonika",
      "Demo": false,
      "Type_Of_Indusrty_txt": "آخر",
      "is_Distributor": false,
      "company photo": "//4a98feb68df3adf88a4e7cfd2bcad169.cdn.bubble.io/f1746472702932x848973283212884200/Screenshot-2024-12-26-124241.jpg",
      "Max_Num_Of_Vehicles": 10,
      "_id": "1742033745360x953279868566765600",
      "subscription_status": "Active",
      "Numbers_of_Employees": 4,
      "Created Date": "2025-03-15T10:15:45.926Z",
      "Company_Name": "Agrifena",
      "Speed Threshold": 120
    },
    {
      "Speed Threshold": 80,
      "Max_Num_Of_Vehicles": 550,
      "Numbers_of_Employees": 2,
      "Created By": "1742126731327x695354883211433100",
      "is_Distributor": false,
      "Company_Name": "Domty",
      "Modified Date": "2025-05-05T19:21:48.968Z",
      "is_smartone?": false,
      "subscription_status": "Active",
      "Country": "Egypt",
      "Demo": true,
      "Type_Of_Indusrty_txt": "السلع الاستهلاكية",
      "account_type": "Premium",
      "Created Date": "2025-03-16T12:06:33.727Z",
      "_id": "1742126792406x729135394218049500",
      "Type_Of_Industry": "FMCG",
      "company photo": "//4a98feb68df3adf88a4e7cfd2bcad169.cdn.bubble.io/f1746472904444x197479371628361600/logo.png"
    },
    {
      "Distributor": "1740223972534x221194581678227460",
      "Country": "Saudi Arabia",
      "is_smartone?": true,
      "Created Date": "2025-04-06T14:36:53.142Z",
      "subscription_status": "Active",
      "company photo": "//4a98feb68df3adf88a4e7cfd2bcad169.cdn.bubble.io/f1746471734309x913451729065417200/images.jpeg",
      "Max_Num_Of_Vehicles": 339,
      "Modified Date": "2025-05-05T19:02:19.065Z",
      "subscription_cycle": "monthly",
      "is_Distributor": false,
      "Speed Threshold": 80,
      "Demo": false,
      "Type_Of_Industry": "FMCG",
      "Company_Name": "Hana Water",
      "Type_Of_Indusrty_txt": "السلع الاستهلاكية",
      "_id": "1743950208691x593876883984351200",
      "Created By": "1743950023645x243390667948837360"
    },
    {
      "num_of_vehicles": 10000,
      "Created Date": "2025-04-28T08:57:11.844Z",
      "is_Distributor": true,
      "Created By": "admin_user_info-84047_live",
      "company_ids_list": [
        "1731311231696x518583105658028000",
        "1713834343804x153591611363164160"
      ],
      "_id": "1745830631844x288769823819132740",
      "Company_Name": "Demo-Distributer",
      "subscription_count": 2000,
      "Max_Num_Of_Vehicles": 20000,
      "Modified Date": "2025-04-28T08:58:10.035Z"
    }
  ]
}