{
  "results": [
    {
      "Created Date": "2024-03-23T22:35:50.760Z",
      "Company": "HNDL-fm",
      "Contact Name": "moahmed",
      "mobile number": "01236124718",
      "Classification_txt": "Service",
      "Website": "www.radwan.com",
      "Email": "radwan@gmail.com",
      "Unpaid_Amount": 0,
      "Modified Date": "2025-01-31T20:32:50.657Z",
      "Name": "Radwan ",
      "Address": "55 alex desert road",
      "Classification": "Service",
      "_id": "1711233350760x296385947286945500",
      "Created By": "admin_user_info-84047_test"
    },
    {
      "mobile number": "01542782362",
      "Unpaid_Amount": 0,
      "Address": "12 nasr city,cairo",
      "Created By": "admin_user_info-84047_test",
      "_id": "1711233350760x426788460534042430",
      "Modified Date": "2025-01-31T20:32:50.658Z",
      "Created Date": "2024-03-23T22:35:50.760Z",
      "Classification": "Service",
      "Email": "info@radwan.com",
      "Company": "Demo1",
      "Name": "radwan",
      "Website": "www.radwanstore.com"
    },
    {
      "Classification": "Fuel",
      "Website": "www.mobil.com",
      "Modified Date": "2025-01-31T20:32:50.659Z",
      "Unpaid_Amount": 0,
      "_id": "1711233350760x632173777109116000",
      "Created By": "admin_user_info-84047_test",
      "Company": "Demo1",
      "Address": "12 october, Cairo",
      "Email": "info@mobil.com",
      "Name": "mobil",
      "Created Date": "2024-03-23T22:35:50.760Z",
      "mobile number": "01235671456"
    },
    {
      "Name": "Spare Parts",
      "Classification": "Service",
      "Unpaid_Amount": 0,
      "Website": "www.website.com",
      "Created Date": "2024-03-23T22:35:50.761Z",
      "Modified Date": "2025-01-31T20:32:50.659Z",
      "_id": "1711233350761x203493245431458620",
      "Created By": "admin_user_info-84047_test",
      "mobile number": "01576767878",
      "Address": "37 alex desert road",
      "Email": "sp@g.com",
      "Company": "HN DL "
    },
    {
      "Classification": "Service",
      "Address": "fayoum",
      "Company": "HN DL ",
      "Name": "nothinh",
      "mobile number": "01267908439",
      "Email": "nothing@gmail.com",
      "Created By": "admin_user_info-84047_test",
      "Modified Date": "2025-01-31T20:32:50.660Z",
      "Website": "www.not.com",
      "Unpaid_Amount": 0,
      "_id": "1711233350761x313207519180904260",
      "Created Date": "2024-03-23T22:35:50.761Z"
    },
    {
      "Name": "رضوان",
      "_id": "1711233350761x429351240481572900",
      "Address": "nothing",
      "Created Date": "2024-03-23T22:35:50.761Z",
      "Email": "radwad@g.com",
      "Company": "HN DL ",
      "Created By": "admin_user_info-84047_test",
      "Modified Date": "2025-01-31T20:32:50.660Z",
      "Classification": "Service",
      "mobile number": "02334346357",
      "Unpaid_Amount": 0,
      "Website": "www.rd.com"
    },
    {
      "Company": "HN DL ",
      "Website": "www.tire.com",
      "_id": "1711233350761x491843894457901760",
      "mobile number": "01236788997",
      "Email": "tire@g.com",
      "Created Date": "2024-03-23T22:35:50.761Z",
      "Created By": "admin_user_info-84047_test",
      "Unpaid_Amount": 0,
      "Classification": "other finance Classification",
      "Name": "Tires",
      "Modified Date": "2025-01-31T20:32:50.661Z",
      "Address": "45 alex desert road"
    },
    {
      "Classification": "other finance Classification",
      "Company": "HNDL-fm",
      "Unpaid_Amount": 0,
      "_id": "1711233350761x798163093771079800",
      "Classification_txt": "Other",
      "Contact Name": "ahmed",
      "Modified Date": "2025-01-31T20:32:50.667Z",
      "mobile number": "01145672344",
      "Email": "Tire@g.com",
      "Created Date": "2024-03-23T22:35:50.761Z",
      "Name": "Tires Shop",
      "Website": "www.Tireshop.com",
      "Created By": "admin_user_info-84047_test",
      "Address": "35 Alex Desert Road "
    },
    {
      "Contact Name": "hossam",
      "Modified Date": "2025-01-31T20:32:50.667Z",
      "mobile number": "01546378899",
      "_id": "1711233350761x842844753433484800",
      "Website": "www.mobil.com",
      "Name": "Mobil Smouha",
      "Address": "37 smouha Alexandria",
      "Created By": "admin_user_info-84047_test",
      "Classification": "Fuel",
      "Email": "m@g.com",
      "Classification_txt": "Fuel",
      "Company": "HNDL-fm",
      "Created Date": "2024-03-23T22:35:50.761Z",
      "Unpaid_Amount": 0
    },
    {
      "_id": "1711233350761x911235564778399600",
      "Created By": "admin_user_info-84047_test",
      "Classification": "Fuel",
      "Email": "mobil@gmail.com",
      "Company": "HN DL ",
      "Address": "33 alex desert road",
      "mobile number": "01923819264",
      "Name": "Mobil",
      "Created Date": "2024-03-23T22:35:50.761Z",
      "Modified Date": "2025-01-31T20:32:50.668Z",
      "Unpaid_Amount": 0,
      "Website": "www.mobil.com"
    },
    {
      "Website": "www.vendor2.com",
      "Classification": "other finance Classification",
      "Created Date": "2024-03-23T22:35:50.763Z",
      "Email": "vendor2@demo.com",
      "Created By": "admin_user_info-84047_test",
      "_id": "1711233350763x114592690670670020",
      "Name": "Vendor 2",
      "Unpaid_Amount": 0,
      "Company": "Mylerz Demo",
      "Classification_txt": "Other",
      "mobile number": "01264767488",
      "Modified Date": "2025-01-31T20:32:50.669Z",
      "Address": "Maadi"
    },
    {
      "Created By": "admin_user_info-84047_test",
      "Company": "HN DL ",
      "Name": "رضوان",
      "_id": "1711233350763x128696936379827820",
      "Modified Date": "2025-01-31T20:32:50.670Z",
      "Website": "www.rd.com",
      "Unpaid_Amount": 0,
      "Email": "radwad@g.com",
      "mobile number": "02334346357",
      "Created Date": "2024-03-23T22:35:50.763Z",
      "Address": "nothing you",
      "Classification": "Service"
    },
    {
      "Email": "tolls@tolls.com",
      "Created Date": "2024-03-23T22:35:50.763Z",
      "_id": "1711233350763x279380045298611260",
      "Company": "Demo1",
      "mobile number": "14565",
      "Created By": "admin_user_info-84047_test",
      "Unpaid_Amount": 0,
      "Classification": "other finance Classification",
      "Website": "-",
      "Modified Date": "2025-01-31T20:32:50.670Z",
      "Address": "-",
      "Name": "Tolls"
    },
    {
      "Unpaid_Amount": 0,
      "Company": "مزارعنا للدواجن - Demo",
      "Modified Date": "2025-01-31T20:32:50.671Z",
      "Name": "بنزينة",
      "_id": "1711233350763x435288416873939900",
      "mobile number": "05050568734",
      "Email": "b@g.com",
      "Website": "www.b.com",
      "Created Date": "2024-03-23T22:35:50.763Z",
      "Classification_txt": "Fuel",
      "Created By": "admin_user_info-84047_test",
      "Address": "الرياض",
      "Classification": "Fuel"
    },
    {
      "Name": "Vendor 1",
      "Created Date": "2024-03-23T22:35:50.763Z",
      "Unpaid_Amount": 0,
      "Address": "Cairo - Alex Desert Road",
      "_id": "1711233350763x451993832719086900",
      "mobile number": "01234567827",
      "Website": "www.vendor1.com",
      "Company": "Mylerz Demo",
      "Created By": "admin_user_info-84047_test",
      "Modified Date": "2025-01-31T20:32:50.675Z",
      "Email": "vendor1@demo.com",
      "Classification": "Fuel",
      "Classification_txt": "Fuel"
    },
    {
      "Company": "Mylerz Demo",
      "Unpaid_Amount": 0,
      "Website": "www.vendor3.com",
      "Address": "Smouha, Alexandria",
      "Classification_txt": "Service",
      "Modified Date": "2025-01-31T20:32:50.676Z",
      "mobile number": "01254688488",
      "Created Date": "2024-03-23T22:35:50.763Z",
      "Created By": "admin_user_info-84047_test",
      "_id": "1711233350763x591250774327242600",
      "Name": "Vendor 3",
      "Email": "vendor3@demo.com",
      "Classification": "Service"
    },
    {
      "Created Date": "2024-03-23T22:35:50.763Z",
      "Company": "مزارعنا للدواجن - Demo",
      "Website": "www.sc.com",
      "Address": "جدة",
      "mobile number": "05044733748",
      "Classification": "Service",
      "Modified Date": "2025-01-31T20:32:50.676Z",
      "_id": "1711233350763x727680833300927900",
      "Email": "sc@g.com",
      "Created By": "admin_user_info-84047_test",
      "Unpaid_Amount": 0,
      "Classification_txt": "Service",
      "Name": "مركز صيانة"
    },
    {
      "_id": "1711233350764x372655227185154640",
      "mobile number": "05074673782",
      "Created By": "admin_user_info-84047_test",
      "Created Date": "2024-03-23T22:35:50.764Z",
      "Name": "اطارات",
      "Company": "مزارعنا للدواجن - Demo",
      "Website": "www.t.com",
      "Modified Date": "2025-01-31T20:32:50.677Z",
      "Unpaid_Amount": 0,
      "Classification": "other finance Classification",
      "Address": "جدة",
      "Email": "trie@g.com",
      "Classification_txt": "Other"
    },
    {
      "Company": "lapoire-demo",
      "Created Date": "2024-03-23T22:35:50.764Z",
      "Modified Date": "2025-01-31T20:32:50.678Z",
      "Website": "www.total.com",
      "Email": "ahmed@total.com",
      "Classification_txt": "Fuel",
      "Created By": "admin_user_info-84047_test",
      "Address": "اكتوبر",
      "Name": "توتال",
      "mobile number": "01000235373",
      "Classification": "Fuel",
      "Unpaid_Amount": 0,
      "_id": "1711233350764x635109790378396400"
    },
    {
      "Created Date": "2024-03-23T22:35:50.764Z",
      "Classification_txt": "Other",
      "Name": "البركة قطع غيار",
      "_id": "1711233350764x839099931087560400",
      "Address": "زايد",
      "Created By": "admin_user_info-84047_test",
      "Classification": "other finance Classification",
      "Unpaid_Amount": 0,
      "Modified Date": "2025-01-31T20:32:50.679Z",
      "mobile number": "01028393932",
      "Company": "lapoire-demo"
    },
    {
      "Name": "مركز تويوتا",
      "Unpaid_Amount": 0,
      "Modified Date": "2025-01-31T20:32:50.791Z",
      "Classification_txt": "Service",
      "Created Date": "2024-03-23T22:35:50.765Z",
      "Address": "ابو رواش",
      "_id": "1711233350765x550609134733110140",
      "Classification": "Service",
      "Created By": "admin_user_info-84047_test",
      "Company": "lapoire-demo",
      "Email": "wael@toyota.com",
      "Website": "www.toyota.com",
      "mobile number": "01539202029"
    },
    {
      "Modified Date": "2025-01-31T20:32:50.792Z",
      "Name": "مركز صيانة",
      "Created Date": "2024-03-23T22:35:50.765Z",
      "Created By": "admin_user_info-84047_test",
      "Classification_txt": "Service",
      "mobile number": "01243455676",
      "Contact Name": "محمد امام",
      "_id": "1711233350765x891734202278170200",
      "Address": "٥٤ طريق مصر اسكندرية الصحراوي",
      "Company": "1708817916773x139906122831101950",
      "Website": "www.sc.com",
      "Unpaid_Amount": 0,
      "Classification": "Service",
      "Email": "sc@g.com"
    },
    {
      "_id": "1711233350766x210037361000887640",
      "Created Date": "2024-03-23T22:35:50.766Z",
      "Name": "ffff",
      "Created By": "admin_user_info-84047_test",
      "Unpaid_Amount": 0,
      "Company": "HNDL-fm",
      "Classification_txt": "Other",
      "Modified Date": "2025-01-31T20:32:50.792Z",
      "Email": "hima@authentic.net"
    },
    {
      "Unpaid_Amount": 0,
      "Website": "www.wataneya.com",
      "Created By": "admin_user_info-84047_test",
      "Classification_txt": "Fuel",
      "Classification": "Fuel",
      "Modified Date": "2025-01-31T20:32:50.793Z",
      "Email": "W@g.com",
      "Contact Name": "حسام محمود",
      "_id": "1711233350766x272624939917267550",
      "Company": "1708817916773x139906122831101950",
      "Name": "بنزينة وطنية",
      "Address": "طريق الزراعي",
      "Created Date": "2024-03-23T22:35:50.766Z",
      "mobile number": "01524356378"
    },
    {
      "Classification": "Service",
      "Created By": "admin_user_info-84047_test",
      "Unpaid_Amount": 0,
      "Name": "radwan center",
      "Email": "info@radwan.com",
      "Contact Name": "sayed ahmed",
      "Company": "1710287746696x928016080453763100",
      "Modified Date": "2025-01-31T20:32:50.793Z",
      "Website": "radwan.com",
      "Address": "12 st. october",
      "_id": "1711233350766x397008593104336600",
      "Classification_txt": "Service",
      "Created Date": "2024-03-23T22:35:50.766Z",
      "mobile number": "20123939299"
    },
    {
      "Email": "info@bridgestone.com",
      "Created By": "admin_user_info-84047_test",
      "Modified Date": "2025-01-31T20:32:50.796Z",
      "mobile number": "20100033289",
      "Website": "www.bridgestone.com",
      "Classification": "other finance Classification",
      "_id": "1711233350766x419868067747372740",
      "Created Date": "2024-03-23T22:35:50.766Z",
      "Address": "33 st. maadi",
      "Unpaid_Amount": 0,
      "Name": "bridgestone",
      "Company": "1710287746696x928016080453763100",
      "Contact Name": "ahmed wael",
      "Classification_txt": "Other"
    },
    {
      "Name": "mobil",
      "Website": "www.mobil.com",
      "mobile number": "20129403929",
      "Modified Date": "2025-01-31T20:32:50.796Z",
      "Contact Name": "mahmoud yasser",
      "Email": "info@mobil.com",
      "_id": "1711233350766x480723455119119740",
      "Classification": "Fuel",
      "Created By": "admin_user_info-84047_test",
      "Unpaid_Amount": 0,
      "Created Date": "2024-03-23T22:35:50.766Z",
      "Classification_txt": "Fuel",
      "Address": "13 st october",
      "Company": "1710287746696x928016080453763100"
    },
    {
      "Address": "43",
      "Name": "aaa",
      "Created By": "admin_user_info-84047_test",
      "Website": "www.a.com",
      "Created Date": "2024-03-23T22:35:50.766Z",
      "Classification_txt": "Fuel",
      "Unpaid_Amount": 0,
      "Modified Date": "2025-01-31T20:32:50.797Z",
      "mobile number": "08967865764",
      "_id": "1711233350766x499162342280128300",
      "Company": "HNDL-fm",
      "Email": "dsv@g.com"
    },
    {
      "Created Date": "2024-03-23T22:35:50.766Z",
      "Unpaid_Amount": 0,
      "_id": "1711233350766x560434955925444200",
      "Contact Name": "محمد الشاذلي",
      "mobile number": "01152567678",
      "Classification": "other finance Classification",
      "Created By": "admin_user_info-84047_test",
      "Modified Date": "2025-01-31T20:32:50.798Z",
      "Address": "وسط البلد",
      "Email": "tire@g.com",
      "Website": "www.tiree.com",
      "Name": "كاوتش ",
      "Classification_txt": "Other",
      "Company": "1708817916773x139906122831101950"
    },
    {
      "Unpaid_Amount": 0,
      "Classification_txt": "Other",
      "_id": "1711233350766x692896582948841200",
      "Created Date": "2024-03-23T22:35:50.766Z",
      "Name": "snsen",
      "Modified Date": "2025-01-31T20:32:50.798Z",
      "Created By": "admin_user_info-84047_test",
      "Company": "HNDL-fm"
    },
    {
      "Classification_txt": "Service",
      "Modified Date": "2025-01-31T20:32:50.799Z",
      "Company": "HNDL-fm",
      "Email": "tire@g.com",
      "mobile number": "90103480917",
      "_id": "1711233350775x160323122688865950",
      "Created Date": "2024-03-23T22:35:50.775Z",
      "Name": "tires",
      "Address": "60 alex road",
      "Unpaid_Amount": 0,
      "Website": "www.t.com",
      "Created By": "admin_user_info-84047_test"
    },
    {
      "Address": "43",
      "Website": "www.a.com",
      "Created By": "admin_user_info-84047_test",
      "Name": "aaa",
      "Email": "dsv@g.com",
      "mobile number": "08967865764",
      "Created Date": "2024-03-23T22:35:50.775Z",
      "Modified Date": "2025-01-31T20:32:50.799Z",
      "_id": "1711233350775x195929207335316700",
      "Unpaid_Amount": 0,
      "Company": "HNDL-fm"
    },
    {
      "Address": "8766579hjvhg y",
      "_id": "1711233350775x266006063382740130",
      "Unpaid_Amount": 0,
      "Company": "HNDL-fm",
      "Created Date": "2024-03-23T22:35:50.775Z",
      "Name": "nono",
      "Created By": "admin_user_info-84047_test",
      "Classification_txt": "Fuel",
      "Website": "www.jhyu.com",
      "Modified Date": "2025-01-31T20:32:50.800Z",
      "Email": "asj6ltrg22rfcd@rive.com",
      "mobile number": "98765432345"
    },
    {
      "Name": "ffff",
      "Company": "HNDL-fm",
      "Created Date": "2024-03-23T22:35:50.775Z",
      "Created By": "admin_user_info-84047_test",
      "Unpaid_Amount": 0,
      "_id": "1711233350775x292776476069440680",
      "Email": "hima@authentic.net",
      "Modified Date": "2025-01-31T20:32:50.801Z"
    },
    {
      "Address": "45 alex road",
      "_id": "1711233350775x361178470325355300",
      "Company": "HNDL-fm",
      "Created By": "admin_user_info-84047_test",
      "mobile number": "01423756781",
      "Modified Date": "2025-01-31T20:32:50.801Z",
      "Email": "sc@g.com",
      "Name": "service center",
      "Created Date": "2024-03-23T22:35:50.775Z",
      "Website": "www.sc.com",
      "Unpaid_Amount": 0
    },
    {
      "Created By": "admin_user_info-84047_test",
      "Unpaid_Amount": 0,
      "Name": "snsen",
      "Company": "HNDL-fm",
      "Modified Date": "2025-01-31T20:32:50.802Z",
      "Created Date": "2024-03-23T22:35:50.775Z",
      "_id": "1711233350775x397429018611160450"
    },
    {
      "Created By": "admin_user_info-84047_test",
      "Modified Date": "2025-01-31T20:32:50.802Z",
      "Created Date": "2024-03-23T22:35:50.775Z",
      "Website": "www.jhyu.com",
      "Email": "asj6ltrg22rfcd@rive.com",
      "Unpaid_Amount": 0,
      "Company": "HNDL-fm",
      "Address": "8766579hjvhg y",
      "mobile number": "98765432345",
      "_id": "1711233350775x601324415950873700",
      "Name": "nono"
    },
    {
      "Created By": "admin_user_info-84047_test",
      "mobile number": "08976545678",
      "Classification_txt": "Fuel",
      "Created Date": "2024-03-23T22:35:50.775Z",
      "Company": "HNDL-fm",
      "Unpaid_Amount": 0,
      "Address": "334567",
      "Website": "www.tire.com",
      "Modified Date": "2025-01-31T20:32:50.803Z",
      "_id": "1711233350775x723824149530176300",
      "Name": "gooo",
      "Email": "mityuz9ga@skygazerhub.com"
    },
    {
      "Unpaid_Amount": 0,
      "Website": "www.mo.com",
      "mobile number": "01231342354",
      "Created Date": "2024-03-23T22:35:50.775Z",
      "Modified Date": "2025-01-31T20:32:50.803Z",
      "Classification_txt": "Other",
      "Email": "mo@g.com",
      "Created By": "admin_user_info-84047_test",
      "_id": "1711233350775x931460677737230300",
      "Address": "33 alex road",
      "Company": "HNDL-fm",
      "Name": "Mobil "
    },
    {
      "Classification_txt": "Fuel",
      "Created Date": "2024-03-23T22:35:50.775Z",
      "Address": "45 alex road",
      "Unpaid_Amount": 0,
      "Modified Date": "2025-01-31T20:32:50.804Z",
      "Website": "www.sc.com",
      "Name": "service center",
      "_id": "1711233350775x939222899051162900",
      "mobile number": "01423756781",
      "Email": "sc@g.com",
      "Created By": "admin_user_info-84047_test",
      "Company": "HNDL-fm"
    },
    {
      "Address": "334567",
      "Created Date": "2024-03-23T22:35:51.317Z",
      "Created By": "admin_user_info-84047_test",
      "Email": "mityuz9ga@skygazerhub.com",
      "mobile number": "08976545678",
      "Name": "gooo",
      "Website": "www.tire.com",
      "Company": "HNDL-fm",
      "Unpaid_Amount": 0,
      "Modified Date": "2025-01-31T20:32:50.911Z",
      "_id": "1711233351317x711016855619105900"
    },
    {
      "Address": "33 alex road",
      "Created By": "admin_user_info-84047_test",
      "Website": "www.mo.com",
      "_id": "1711233351317x857025063818428900",
      "Created Date": "2024-03-23T22:35:51.317Z",
      "Email": "mo@g.com",
      "Modified Date": "2025-01-31T20:32:50.912Z",
      "Company": "HNDL-fm",
      "mobile number": "01231342354",
      "Name": "Mobil ",
      "Unpaid_Amount": 0
    },
    {
      "Created Date": "2024-03-23T22:35:51.318Z",
      "mobile number": "08967865764",
      "Classification_txt": "Fuel",
      "Name": "aaa",
      "Email": "dsv@g.com",
      "_id": "1711233351318x206175446343836100",
      "Website": "www.a.com",
      "Company": "HNDL-fm",
      "Modified Date": "2025-01-31T20:32:50.912Z",
      "Created By": "admin_user_info-84047_test",
      "Address": "43",
      "Unpaid_Amount": 0
    },
    {
      "Classification_txt": "Service",
      "_id": "1711233351318x304022461217401150",
      "mobile number": "90103480917",
      "Address": "60 alex road",
      "Modified Date": "2025-01-31T20:32:50.913Z",
      "Unpaid_Amount": 0,
      "Email": "tire@g.com",
      "Name": "tires",
      "Created Date": "2024-03-23T22:35:51.318Z",
      "Company": "HNDL-fm",
      "Created By": "admin_user_info-84047_test",
      "Website": "www.t.com"
    },
    {
      "mobile number": "98765432345",
      "Address": "8766579hjvhg y",
      "Website": "www.jhyu.com",
      "Unpaid_Amount": 0,
      "Modified Date": "2025-01-31T20:32:50.913Z",
      "Email": "asj6ltrg22rfcd@rive.com",
      "Created Date": "2024-03-23T22:35:51.318Z",
      "Classification_txt": "Fuel",
      "_id": "1711233351318x397190584215364200",
      "Company": "HNDL-fm",
      "Created By": "admin_user_info-84047_test",
      "Name": "nono"
    },
    {
      "Classification_txt": "Other",
      "Created Date": "2024-03-23T22:35:51.318Z",
      "Name": "snsen",
      "Created By": "admin_user_info-84047_test",
      "_id": "1711233351318x476388035379775600",
      "Company": "HNDL-fm",
      "Modified Date": "2025-01-31T20:32:50.914Z",
      "Unpaid_Amount": 0
    },
    {
      "mobile number": "08976545678",
      "Website": "www.tire.com",
      "Address": "334567",
      "_id": "1711233351318x526239210838496800",
      "Modified Date": "2025-01-31T20:32:50.915Z",
      "Created By": "admin_user_info-84047_test",
      "Classification_txt": "Fuel",
      "Company": "HNDL-fm",
      "Email": "mityuz9ga@skygazerhub.com",
      "Created Date": "2024-03-23T22:35:51.318Z",
      "Unpaid_Amount": 0,
      "Name": "gooo"
    },
    {
      "Website": "www.sc.com",
      "Email": "sc@g.com",
      "Created Date": "2024-03-23T22:35:51.318Z",
      "_id": "1711233351318x544757754259740160",
      "Created By": "admin_user_info-84047_test",
      "Classification_txt": "Fuel",
      "Address": "45 alex road",
      "mobile number": "01423756781",
      "Modified Date": "2025-01-31T20:32:50.915Z",
      "Unpaid_Amount": 0,
      "Name": "service center",
      "Company": "HNDL-fm"
    },
    {
      "mobile number": "90103480917",
      "Name": "tires",
      "_id": "1711233351318x702714427617912000",
      "Email": "tire@g.com",
      "Website": "www.t.com",
      "Created Date": "2024-03-23T22:35:51.318Z",
      "Created By": "admin_user_info-84047_test",
      "Company": "HNDL-fm",
      "Modified Date": "2025-01-31T20:32:50.917Z",
      "Address": "60 alex road",
      "Unpaid_Amount": 0
    },
    {
      "Created Date": "2024-03-23T22:35:51.318Z",
      "Classification_txt": "Other",
      "Name": "ffff",
      "_id": "1711233351318x933919399272540300",
      "Created By": "admin_user_info-84047_test",
      "Unpaid_Amount": 0,
      "Email": "hima@authentic.net",
      "Modified Date": "2025-01-31T20:32:50.917Z",
      "Company": "HNDL-fm"
    },
    {
      "mobile number": "01000000213",
      "Address": "مدينة نصر",
      "Website": "mechlin.com",
      "Created Date": "2024-03-23T22:35:51.326Z",
      "Contact Name": "بائع 1",
      "Name": "بائع الاطارات",
      "Classification_txt": "Other",
      "Modified Date": "2025-01-31T20:32:50.928Z",
      "Email": "gajiye1771@otemdi.com",
      "Unpaid_Amount": 0,
      "Classification": "other finance Classification",
      "_id": "1711233351326x254249737154081960",
      "Created By": "admin_user_info-84047_test"
    },
    {
      "mobile number": "01231342354",
      "Company": "HNDL-fm",
      "Created By": "admin_user_info-84047_test",
      "Address": "33 alex road",
      "Modified Date": "2025-01-31T20:32:50.929Z",
      "Website": "www.mo.com",
      "_id": "1711233351326x391641340867124200",
      "Email": "mo@g.com",
      "Name": "Mobil ",
      "Classification_txt": "Other",
      "Created Date": "2024-03-23T22:35:51.326Z",
      "Unpaid_Amount": 0
    },
    {
      "Classification_txt": "Service",
      "_id": "1711233351326x654573372098130400",
      "Address": "nasr city, cairo",
      "Email": "rolig32868@storesr.com",
      "Unpaid_Amount": 0,
      "Website": "michelin.com",
      "Created Date": "2024-03-23T22:35:51.326Z",
      "Modified Date": "2025-01-31T20:32:50.929Z",
      "Classification": "Service",
      "Company": "1711023930515x774135516969304000",
      "Name": "tires",
      "Created By": "admin_user_info-84047_test",
      "mobile number": "01234567897",
      "Contact Name": "vendor 2"
    },
    {
      "Contact Name": "vendor 1",
      "Name": "gas station",
      "Unpaid_Amount": 0,
      "Created Date": "2024-03-23T22:35:51.326Z",
      "Classification": "Fuel",
      "_id": "1711233351326x684323814526526200",
      "Email": "tepoli3070@sentrau.com",
      "Address": "smouha, alexandria",
      "Modified Date": "2025-01-31T20:32:50.930Z",
      "Company": "1711023930515x774135516969304000",
      "Classification_txt": "Fuel",
      "Created By": "admin_user_info-84047_test",
      "mobile number": "01234567896",
      "Website": "mobil.com"
    },
    {
      "Classification_txt": "Service",
      "Created By": "admin_user_info-84047_test",
      "Name": "مركز الصيانة",
      "Unpaid_Amount": 0,
      "Email": "howeve3358@otemdi.com",
      "Address": "الدقي",
      "mobile number": "01000000519",
      "_id": "1711233351327x134348789359459260",
      "Created Date": "2024-03-23T22:35:51.327Z",
      "Modified Date": "2025-01-31T20:32:50.930Z",
      "Classification": "Service",
      "Contact Name": "بائع 2",
      "Website": "bmw.co"
    },
    {
      "Address": "الرحاب",
      "Classification": "Fuel",
      "Modified Date": "2025-01-31T20:32:50.931Z",
      "Email": "lisopi2202@shaflyn.com",
      "Name": "محطة الوقود",
      "mobile number": "01000000982",
      "Created Date": "2024-03-23T22:35:51.327Z",
      "Classification_txt": "Fuel",
      "Website": "mobil.com",
      "Unpaid_Amount": 0,
      "Contact Name": "بائع 3",
      "_id": "1711233351327x675089769359307000",
      "Created By": "admin_user_info-84047_test"
    },
    {
      "Created Date": "2024-03-23T22:35:51.327Z",
      "Name": "بائع الزيوت",
      "Website": "shell.org",
      "Created By": "admin_user_info-84047_test",
      "Modified Date": "2025-01-31T20:32:50.932Z",
      "Address": "المهندسين",
      "Classification_txt": "Service",
      "Email": "movac42170@sentrau.com",
      "_id": "1711233351327x855241186945597300",
      "Classification": "Service",
      "Contact Name": "بائع 2",
      "mobile number": "01000000311",
      "Unpaid_Amount": 0
    },
    {
      "Created Date": "2024-03-26T20:59:40.618Z",
      "Name": "dfbhdfh",
      "_id": "1711486779592x825118609881169900",
      "Classification_txt": "Service",
      "Classification": "Service",
      "Company": "1711462646715x641699062459924500",
      "Modified Date": "2025-01-31T20:32:49.316Z",
      "Created By": "1711455233079x406405157466965800",
      "Unpaid_Amount": 10052375
    },
    {
      "Contact Name": "John Medhat",
      "_id": "1711919218737x115024308378529390",
      "Modified Date": "2025-01-31T20:32:49.375Z",
      "Created Date": "2024-03-31T21:06:58.747Z",
      "Classification": "Service",
      "Created By": "1711233195003x863969548649891700",
      "Company": "1710376963688x706279272236974100",
      "mobile number": "01542782362",
      "Address": "12 nasr city,cairo",
      "Classification_txt": "Service",
      "Name": "radwan",
      "Email": "info@radwan.com",
      "Unpaid_Amount": 18860,
      "Website": "www.radwanstore.com"
    },
    {
      "Name": "Vendor 2",
      "Classification_txt": "Other",
      "Contact Name": "mahmoud yasser",
      "_id": "1711919218737x131456238348578900",
      "Email": "vendor2@demo.com",
      "Classification": "other finance Classification",
      "Modified Date": "2025-01-31T20:32:49.375Z",
      "Address": "Maadi",
      "Created Date": "2024-03-31T21:06:58.748Z",
      "mobile number": "01264767488",
      "Website": "www.vendor2.com",
      "Unpaid_Amount": 17140,
      "Company": "1710376963688x706279272236974100",
      "Created By": "1711233195003x863969548649891700"
    },
    {
      "Classification": "Service",
      "Classification_txt": "Service",
      "Company": "1710376963688x706279272236974100",
      "Name": "Radwan ",
      "Address": "55 alex desert road",
      "Unpaid_Amount": 19255,
      "Modified Date": "2025-01-31T20:32:49.382Z",
      "_id": "1711919218737x172188010128151440",
      "Website": "www.radwan.com",
      "Created By": "1711233195003x863969548649891700",
      "Email": "radwan@gmail.com",
      "mobile number": "01236124718",
      "Created Date": "2024-03-31T21:06:58.748Z",
      "Contact Name": "moahmed"
    },
    {
      "Classification_txt": "Service",
      "Created Date": "2024-03-31T21:06:58.748Z",
      "Created By": "1711233195003x863969548649891700",
      "Name": "اطارات",
      "_id": "1711919218737x215052952915448580",
      "Website": "www.not.com",
      "Company": "1710376963688x706279272236974100",
      "Unpaid_Amount": 2255,
      "Modified Date": "2025-01-31T20:32:49.383Z",
      "Email": "nothing@gmail.com",
      "Classification": "Service",
      "Address": "fayoum",
      "mobile number": "01267908439",
      "Contact Name": "sayed ahmed"
    },
    {
      "Name": "Spare Parts",
      "Contact Name": "mahmoud yasser",
      "Created Date": "2024-03-31T21:06:58.748Z",
      "Website": "www.website.com",
      "Classification_txt": "Service",
      "_id": "1711919218737x262934024514660520",
      "Created By": "1711233195003x863969548649891700",
      "Unpaid_Amount": 6200,
      "Modified Date": "2025-01-31T20:32:49.384Z",
      "Company": "1710376963688x706279272236974100",
      "Classification": "Service",
      "Email": "sp@g.com",
      "mobile number": "01576767878",
      "Address": "37 alex desert road"
    },
    {
      "_id": "1711919218737x447907283844485300",
      "Created Date": "2024-03-31T21:06:58.748Z",
      "Name": "Vendor 3",
      "Address": "Smouha, Alexandria",
      "Modified Date": "2025-01-31T20:32:49.385Z",
      "Unpaid_Amount": 14935,
      "Company": "1710376963688x706279272236974100",
      "Website": "www.vendor3.com",
      "Classification_txt": "Service",
      "Contact Name": "sayed ahmed",
      "mobile number": "01254688488",
      "Email": "vendor3@demo.com",
      "Created By": "1711233195003x863969548649891700",
      "Classification": "Service"
    },
    {
      "Email": "m@g.com",
      "Classification_txt": "Fuel",
      "Address": "37 smouha Alexandria",
      "Website": "www.mobil.com",
      "Classification": "Fuel",
      "Created Date": "2024-03-31T21:06:58.748Z",
      "mobile number": "01546378899",
      "Contact Name": "hossam",
      "_id": "1711919218737x710750034598220300",
      "Created By": "1711233195003x863969548649891700",
      "Name": "Mobil Smouha",
      "Company": "1710376963688x706279272236974100",
      "Unpaid_Amount": 11025,
      "Modified Date": "2025-01-31T20:32:49.386Z"
    },
    {
      "_id": "1711919218737x800494192800506000",
      "Created Date": "2024-03-31T21:06:58.748Z",
      "mobile number": "01234567827",
      "Website": "www.vendor1.com",
      "Classification_txt": "Fuel",
      "Contact Name": "ahmed wael",
      "Modified Date": "2025-01-31T20:32:49.480Z",
      "Name": "Vendor 1",
      "Classification": "Fuel",
      "Created By": "1711233195003x863969548649891700",
      "Company": "1710376963688x706279272236974100",
      "Address": "Cairo - Alex Desert Road",
      "Email": "vendor1@demo.com",
      "Unpaid_Amount": 3040
    },
    {
      "Name": "Tires Shop",
      "Classification": "other finance Classification",
      "Created By": "1711233195003x863969548649891700",
      "Company": "1710376963688x706279272236974100",
      "_id": "1711919218737x840000557978523500",
      "Created Date": "2024-03-31T21:06:58.748Z",
      "Email": "Tire@g.com",
      "Unpaid_Amount": 14700,
      "Website": "www.Tireshop.com",
      "Contact Name": "ahmed",
      "Modified Date": "2025-01-31T20:32:49.481Z",
      "mobile number": "01145672344",
      "Classification_txt": "Other",
      "Address": "35 Alex Desert Road "
    },
    {
      "Modified Date": "2025-01-31T20:32:49.482Z",
      "Address": "33 alex desert road",
      "Created By": "1711233195003x863969548649891700",
      "Created Date": "2024-03-31T21:06:58.748Z",
      "Classification": "Fuel",
      "Classification_txt": "Fuel",
      "Name": "Mobil",
      "Website": "www.mobil.com",
      "mobile number": "01923819264",
      "Email": "mobil@gmail.com",
      "Unpaid_Amount": 3225,
      "Company": "1710376963688x706279272236974100",
      "_id": "1711919218737x853057708868136600",
      "Contact Name": "ahmed wael"
    },
    {
      "Email": "info@mobil.com",
      "Contact Name": "Mustafa",
      "Website": "www.mobil.com",
      "Classification_txt": "Fuel",
      "Unpaid_Amount": 9275,
      "_id": "1711919218737x861432143397849100",
      "Created By": "1711233195003x863969548649891700",
      "Company": "1710376963688x706279272236974100",
      "Modified Date": "2025-01-31T20:32:49.483Z",
      "Created Date": "2024-03-31T21:06:58.748Z",
      "mobile number": "01235671456",
      "Address": "12 october, Cairo",
      "Classification": "Fuel",
      "Name": "mobil"
    },
    {
      "_id": "1713839084255x609528482192425000",
      "Website": "www.tireshop.com",
      "Created Date": "2024-04-23T02:24:45.668Z",
      "Company": "1713834343804x153591611363164160",
      "Unpaid_Amount": 6600,
      "Name": "كاوتش",
      "Address": "اكتوبر",
      "Modified Date": "2025-01-31T20:32:50.042Z",
      "mobile number": "01204832767",
      "Created By": "1713833921394x926326117915323600",
      "Classification_txt": "Other",
      "Contact Name": "محمد احمد",
      "Email": "tire@g.com",
      "Classification": "other finance Classification"
    },
    {
      "Classification": "Service",
      "_id": "1713839418497x181899536976576500",
      "Email": "sc@g.com",
      "Classification_txt": "Service",
      "Contact Name": "حسام احمد",
      "Name": "مركز صيانة",
      "Website": "www.sc.com",
      "Modified Date": "2025-03-09T16:44:28.299Z",
      "Company": "1713834343804x153591611363164160",
      "Created By": "1713833921394x926326117915323600",
      "Address": "مصر الجديدة",
      "Created Date": "2024-04-23T02:30:19.536Z",
      "Unpaid_Amount": 36150,
      "mobile number": "01245236746"
    },
    {
      "Created By": "1713833921394x926326117915323600",
      "Classification": "Fuel",
      "Classification_txt": "Fuel",
      "Email": "gas@g.com",
      "mobile number": "01247326547",
      "_id": "1713839469015x162407188650262530",
      "Name": "محطة بنزين",
      "Contact Name": "احمد محمد",
      "Website": "www.gs.com",
      "Created Date": "2024-04-23T02:31:09.810Z",
      "Unpaid_Amount": 4074.5,
      "Address": "اسكندرية",
      "Modified Date": "2025-03-06T00:28:34.392Z",
      "Company": "1713834343804x153591611363164160"
    },
    {
      "Address": "345 الطريق الصحراوي",
      "Modified Date": "2025-01-31T20:32:50.056Z",
      "Email": "sc@g.com",
      "Contact Name": "محمد مازن",
      "Name": "مركز صيانة",
      "Created By": "1717166970436x554697647428963800",
      "Classification": "Service",
      "Website": "www.sc.com",
      "_id": "1717330985208x403470431717163000",
      "Created Date": "2024-06-02T12:23:06.009Z",
      "Company": "1717327111981x458026408256733200",
      "mobile number": "01238884484",
      "Unpaid_Amount": 30010,
      "Classification_txt": "Service"
    },
    {
      "Classification_txt": "Other",
      "Name": "كاوتش",
      "Email": "tire@g.com",
      "Created Date": "2024-06-02T12:24:26.609Z",
      "Unpaid_Amount": 25292,
      "_id": "1717331066210x655586845290397700",
      "Classification": "other finance Classification",
      "Contact Name": "احمد ابراهيم",
      "Company": "1717327111981x458026408256733200",
      "Address": "64 الطريق الصحراوي",
      "mobile number": "01524378494",
      "Website": "www.tire.com",
      "Modified Date": "2025-01-31T20:32:50.056Z",
      "Created By": "1717166970436x554697647428963800"
    },
    {
      "Company": "1717327111981x458026408256733200",
      "Unpaid_Amount": 1000,
      "Email": "wataneya@g.ccom",
      "Name": "بنزينة وطنية",
      "mobile number": "01244853885",
      "Contact Name": "اسلام محمد",
      "Created By": "1717166970436x554697647428963800",
      "_id": "1717331157194x603907093859401700",
      "Created Date": "2024-06-02T12:25:57.615Z",
      "Address": "طريق الزراعي",
      "Website": "www.wataneya.com",
      "Classification_txt": "Fuel",
      "Classification": "Fuel",
      "Modified Date": "2025-01-31T20:32:50.057Z"
    },
    {
      "mobile number": "01524378494",
      "Classification": "other finance Classification",
      "Contact Name": "احمد ابراهيم",
      "Email": "tire@g.com",
      "Name": "كاوتش",
      "_id": "1718048750244x362322121082247200",
      "Classification_txt": "Other",
      "Modified Date": "2025-01-31T20:32:50.180Z",
      "Company": "1711939174760x242104073336651780",
      "Created By": "1711938808706x301630168259237060",
      "Address": "64 الطريق الصحراوي",
      "Website": "www.tire.com",
      "Created Date": "2024-06-10T19:45:50.251Z",
      "Unpaid_Amount": 10400
    },
    {
      "_id": "1718048750244x793080955267515100",
      "Classification": "Service",
      "Created By": "1711938808706x301630168259237060",
      "Created Date": "2024-06-10T19:45:50.251Z",
      "Website": "www.sc.com",
      "Unpaid_Amount": 6100,
      "Classification_txt": "Service",
      "Address": "345 الطريق الصحراوي",
      "Contact Name": "محمد مازن",
      "Modified Date": "2025-01-31T20:32:50.181Z",
      "Company": "1711939174760x242104073336651780",
      "Email": "sc@g.com",
      "Name": "مركز صيانة",
      "mobile number": "01238884484"
    },
    {
      "Email": "wataneya@g.ccom",
      "Name": "بنزينة وطنية",
      "_id": "1718048750244x931926068537912000",
      "Unpaid_Amount": 0,
      "Classification_txt": "Fuel",
      "Created Date": "2024-06-10T19:45:50.251Z",
      "mobile number": "01244853885",
      "Classification": "Fuel",
      "Address": "طريق الزراعي",
      "Created By": "1711938808706x301630168259237060",
      "Company": "1711939174760x242104073336651780",
      "Website": "www.wataneya.com",
      "Contact Name": "اسلام محمد",
      "Modified Date": "2025-01-31T20:32:51.451Z"
    },
    {
      "Website": "www.tyredemo.net",
      "Address": "القاهرة",
      "Email": "tyre-group@test.com",
      "Contact Name": "جابر سعيد",
      "mobile number": "02664488987",
      "Created Date": "2024-07-23T08:21:38.103Z",
      "Created By": "1721721583216x818318949800585600",
      "Add New Vendor": false,
      "Classification": "other finance Classification",
      "Classification_txt": "Other",
      "Name": "شركة الاطارات",
      "Unpaid_Amount": 8000,
      "_id": "1721722897459x457852886870130700",
      "Modified Date": "2025-01-31T20:32:50.264Z",
      "Company": "1721721837420x943349699737813000"
    },
    {
      "Company": "1721721837420x943349699737813000",
      "Address": "الاسكندرية",
      "mobile number": "03545649887",
      "Classification_txt": "Service",
      "Email": "maintenance@demo.com",
      "Website": "www.maintenance.demo",
      "Classification": "Service",
      "Unpaid_Amount": 1200,
      "Modified Date": "2025-01-31T20:32:50.265Z",
      "Created Date": "2024-07-23T08:23:18.714Z",
      "Name": "مركز صيانه",
      "Contact Name": "محمد احمد",
      "Created By": "1721721583216x818318949800585600",
      "_id": "1721722998487x668314071653941200",
      "Add New Vendor": false
    },
    {
      "Add New Vendor": false,
      "Unpaid_Amount": 0,
      "_id": "1721723161378x562632873114075140",
      "Email": "co-op@demo.com",
      "Created By": "1721721583216x818318949800585600",
      "Classification_txt": "Fuel",
      "Name": "بنزين التعاون ",
      "Created Date": "2024-07-23T08:26:01.615Z",
      "Classification": "Fuel",
      "Company": "1721721837420x943349699737813000",
      "Website": "www.coop.demo",
      "mobile number": "02654844494",
      "Modified Date": "2025-01-31T20:32:51.588Z"
    },
    {
      "Add New Vendor": false,
      "Name": "قطع غيار",
      "Classification_txt": "Spare Parts",
      "Website": "www.spare.org",
      "Classification": "Spare Parts",
      "Created Date": "2024-09-17T22:57:41.425Z",
      "Modified Date": "2025-01-31T20:32:51.592Z",
      "mobile number": "01156004300",
      "Address": "٣٥ ميدان العامرية - اسكندرية",
      "Email": "Spare@g.com",
      "Company": "1711939174760x242104073336651780",
      "Unpaid_Amount": 0,
      "Contact Name": "احمد حسام",
      "_id": "1726613857431x187442531651813380",
      "Created By": "1711938808706x301630168259237060"
    },
    {
      "Unpaid_Amount": 0,
      "_id": "1728321241304x672802561321861100",
      "Email": "info@barka.com",
      "Classification": "Service",
      "Modified Date": "2025-01-31T20:32:50.367Z",
      "Company": "1713834343804x153591611363164160",
      "Contact Name": "احمد السيد",
      "Name": "البركه للصيانه",
      "Classification_txt": "Service",
      "mobile number": "0100037292",
      "Add New Vendor": false,
      "Created Date": "2024-10-07T17:14:02.179Z",
      "Address": "القاهرة",
      "Created By": "1713833921394x926326117915323600"
    },
    {
      "Add New Vendor": false,
      "Created Date": "2024-10-13T06:08:15.523Z",
      "Classification_txt": "Spare Parts",
      "Archive": false,
      "Unpaid_Amount": 14000,
      "Modified Date": "2025-03-16T22:00:24.596Z",
      "Created By": "1713833921394x926326117915323600",
      "mobile number": "01523758837",
      "Classification": "Spare Parts",
      "Company": "1713834343804x153591611363164160",
      "Contact Name": "محمد السيد",
      "Name": "Spare Parts",
      "_id": "1728799694866x522597940365623300"
    },
    {
      "Created By": "1729092750500x697359453264522900",
      "Website": "vendor1.com",
      "_id": "1730022573411x575212724546437100",
      "Unpaid_Amount": 14551,
      "Email": "vendor1@email.com",
      "Name": "Vendor1",
      "Add New Vendor": false,
      "Contact Name": "ahmed",
      "Classification": "Service",
      "Address": "vendor1 street",
      "Modified Date": "2025-04-05T20:40:31.751Z",
      "Created Date": "2024-10-27T09:49:37.191Z",
      "mobile number": "01254612602",
      "Classification_txt": "Service",
      "Company": "1729092982497x927417930882744300"
    },
    {
      "Website": "www.vednro2.com",
      "mobile number": "01274732589",
      "Name": "Vendor 2 ",
      "Address": "33 alex st",
      "Contact Name": "Vendor 2 contact",
      "Unpaid_Amount": 2300,
      "Email": "vendor2@g.com",
      "Classification": "Spare Parts",
      "Created By": "1729092750500x697359453264522900",
      "Created Date": "2024-11-03T22:12:47.523Z",
      "Classification_txt": "Spare Parts",
      "Company": "1729092982497x927417930882744300",
      "Add New Vendor": false,
      "_id": "1730671964880x463628014342111200",
      "Modified Date": "2025-04-05T20:37:54.657Z"
    },
    {
      "Created Date": "2024-11-03T22:17:42.397Z",
      "Company": "1729092982497x927417930882744300",
      "Created By": "1729092750500x697359453264522900",
      "Website": "vendor3.com",
      "Email": "vendor3@g.com",
      "mobile number": "01277458472",
      "Modified Date": "2025-04-29T20:55:31.760Z",
      "Address": "452 st New cairo",
      "_id": "1730672261589x919630432859586600",
      "Classification_txt": "Other",
      "Contact Name": "contact 3",
      "Unpaid_Amount": 12104,
      "Classification": "other finance Classification",
      "Name": "Vendor 3 ",
      "Add New Vendor": false
    },
    {
      "Created By": "1729092750500x697359453264522900",
      "Classification_txt": "Fuel",
      "Company": "1729092982497x927417930882744300",
      "Contact Name": "contact",
      "Modified Date": "2025-04-29T20:53:09.868Z",
      "Name": "Fuel station",
      "Website": "fuel.com",
      "Created Date": "2024-11-03T22:19:14.929Z",
      "Unpaid_Amount": 25819.5,
      "_id": "1730672353966x661231330996518900",
      "Classification": "Fuel",
      "Email": "fuel@g.com",
      "mobile number": "01638394622",
      "Address": "152 st giza",
      "Add New Vendor": false
    },
    {
      "Classification_txt": "Service",
      "Unpaid_Amount": 0,
      "Email": "sc@g.com",
      "Created Date": "2024-11-16T21:36:43.697Z",
      "Website": "www.sc.com",
      "Company": "1713834343804x153591611363164160",
      "Classification": "Service",
      "Name": "مركز صيانة",
      "Created By": "1731305901181x544477283583706400",
      "Contact Name": "حسام احمد",
      "Address": "مصر الجديدة",
      "mobile number": "01245236746",
      "Modified Date": "2025-01-31T20:32:51.713Z",
      "Archive": true,
      "_id": "1731793003684x382142048235214700"
    },
    {
      "Created By": "1732804320460x992780518977438000",
      "Classification": "Fuel",
      "Unpaid_Amount": 650,
      "Contact Name": "Ali Mohamed",
      "Address": "Riyadh",
      "mobile number": "0597362148",
      "Name": "Fuel One",
      "Created Date": "2024-11-28T14:47:47.422Z",
      "Classification_txt": "Fuel",
      "Website": "fuel-one-demo.com",
      "_id": "1732805266311x432690783786106900",
      "Email": "fuel-one@132451.com",
      "Company": "1732804450217x740150368369901600",
      "Modified Date": "2025-01-31T20:32:50.476Z",
      "Add New Vendor": false
    },
    {
      "mobile number": "0598723412",
      "Modified Date": "2025-01-31T20:32:51.714Z",
      "Classification": "Spare Parts",
      "Unpaid_Amount": 0,
      "_id": "1732805419675x219452779507220500",
      "Name": "Spare Parts",
      "Address": "Jeddah",
      "Contact Name": "Saeed Mohamed",
      "Created Date": "2024-11-28T14:50:20.274Z",
      "Add New Vendor": false,
      "Classification_txt": "Spare Parts",
      "Email": "spare-parts@demo-hndl.com",
      "Company": "1732804450217x740150368369901600",
      "Website": "spare-parts-hndl.com",
      "Created By": "1732804320460x992780518977438000"
    },
    {
      "Unpaid_Amount": 1510,
      "_id": "1732805654416x964387459345678300",
      "Created By": "1732804320460x992780518977438000",
      "Website": "service-center.com",
      "Company": "1732804450217x740150368369901600",
      "Name": "Service Center",
      "mobile number": "0508323214",
      "Contact Name": "Khalid Ahmed",
      "Address": "Riyadh",
      "Add New Vendor": false,
      "Modified Date": "2025-01-31T20:32:50.477Z",
      "Created Date": "2024-11-28T14:54:15.137Z",
      "Classification": "Service",
      "Email": "service-center@demo-hndl.com",
      "Classification_txt": "Service"
    },
    {
      "Created Date": "2024-11-29T09:28:30.276Z",
      "Address": "Jeddah",
      "Unpaid_Amount": 1300,
      "Email": "tire@hndl-demo.com",
      "Website": "www.tire-hndl.com",
      "Modified Date": "2025-01-31T20:32:50.478Z",
      "Company": "1732804450217x740150368369901600",
      "Created By": "1732804320460x992780518977438000",
      "Add New Vendor": false,
      "Contact Name": "Hesham Aly",
      "Classification_txt": "Other",
      "Name": "Tire Shop",
      "mobile number": "05053727124",
      "_id": "1732872509353x822145189930074100",
      "Classification": "other finance Classification"
    },
    {
      "Company": "1733123557808x957805210032668700",
      "Email": "samrt@gmail.com",
      "Classification_txt": "Fuel",
      "Add New Vendor": false,
      "Created By": "1733123315605x964960845800401800",
      "Classification": "Fuel",
      "mobile number": "05087767899",
      "Contact Name": "smart",
      "Created Date": "2024-12-25T14:33:35.347Z",
      "Unpaid_Amount": 34471.32000000002,
      "Address": "smart@gmail.com",
      "Modified Date": "2025-05-17T17:29:48.901Z",
      "_id": "1735137211995x888132662755590100",
      "Website": "www.smart.com",
      "Name": "Smart One - Fuel"
    },
    {
      "_id": "1735137221750x534449950683037700",
      "Contact Name": "smart",
      "Add New Vendor": false,
      "Website": "www.smart.com",
      "Created By": "1733123315605x964960845800401800",
      "mobile number": "05087767899",
      "Company": "1733123557808x957805210032668700",
      "Name": "Smart One-Service",
      "Created Date": "2024-12-25T14:33:43.700Z",
      "Address": "riyadh",
      "Modified Date": "2025-01-31T20:32:50.483Z",
      "Email": "smart@gmail.com",
      "Unpaid_Amount": 53397,
      "Classification_txt": "Service",
      "Classification": "Service"
    },
    {
      "Website": "www.samrt.com",
      "Add New Vendor": false,
      "Created Date": "2024-12-25T14:33:51.865Z",
      "Classification_txt": "Spare Parts",
      "Address": "Riyadh",
      "_id": "1735137229237x501362686034706400",
      "Classification": "Spare Parts",
      "Unpaid_Amount": 23451.4,
      "Modified Date": "2025-05-17T17:25:49.304Z",
      "mobile number": "05087767899",
      "Company": "1733123557808x957805210032668700",
      "Email": "smart@gmail.com",
      "Contact Name": "smart",
      "Name": "Smart One-Spare Parts",
      "Created By": "1733123315605x964960845800401800"
    },
    {
      "Add New Vendor": false,
      "Created Date": "2024-12-25T14:34:02.681Z",
      "Address": "Riyadh",
      "Classification_txt": "Other",
      "mobile number": "05087767899",
      "Classification": "other finance Classification",
      "Unpaid_Amount": 2110,
      "Email": "smart@gmail.com",
      "_id": "1735137240383x716733503505170400",
      "Name": "Smart One-Other",
      "Created By": "1733123315605x964960845800401800",
      "Contact Name": "Smart",
      "Website": "www.smart.com",
      "Modified Date": "2025-05-17T17:24:56.761Z",
      "Company": "1733123557808x957805210032668700"
    },
    {
      "Created By": "1730287489249x855583321331188400",
      "Classification_txt": "Spare Parts",
      "Company": "1730287617230x234588565125201900",
      "Contact Name": "D",
      "Email": "wfewf@sddgsdg.com",
      "Unpaid_Amount": 559.35,
      "Modified Date": "2024-12-30T08:45:07.730Z",
      "Classification": "Spare Parts",
      "_id": "1735547508009x143506976688570370",
      "Name": "c",
      "Add New Vendor": false,
      "mobile number": "020022",
      "Created Date": "2024-12-30T08:31:49.013Z"
    },
    {
      "Contact Name": "احمد ",
      "Modified Date": "2025-03-09T09:34:39.359Z",
      "Address": "العاشر من رمضان ",
      "Company": "1735469595658x227608463719268350",
      "Created By": "1737283871803x137750688503897710",
      "Add New Vendor": false,
      "Classification": "Fuel",
      "Created Date": "2025-01-23T11:55:50.544Z",
      "_id": "1737633349170x170649901730365440",
      "mobile number": "01005308721",
      "Name": "نفط للخدمات البترولية - بنزينة 28",
      "Classification_txt": "Fuel"
    },
    {
      "_id": "1737797402763x659270587919892500",
      "Add New Vendor": false,
      "Classification_txt": "Service",
      "Name": "توكيل القاضى اوتوموتيف ",
      "mobile number": "01202401000",
      "Created By": "1737283871803x137750688503897710",
      "Unpaid_Amount": -2597,
      "Classification": "Service",
      "Modified Date": "2025-03-06T08:10:35.647Z",
      "Created Date": "2025-01-25T09:32:54.003Z",
      "Address": "العاشر من رمضان",
      "Company": "1735469595658x227608463719268350"
    },
    {
      "Add New Vendor": false,
      "Created Date": "2025-01-26T07:35:30.070Z",
      "Modified Date": "2025-04-10T07:32:33.027Z",
      "Classification": "Service",
      "Name": "ورشه كرهوس",
      "mobile number": "01033556482",
      "Address": "العاشر من رمضان",
      "Company": "1735469595658x227608463719268350",
      "Created By": "1737283871803x137750688503897710",
      "Classification_txt": "Service",
      "Unpaid_Amount": 1000,
      "_id": "1737876929213x155849546209427460"
    },
    {
      "Name": " Smart one Service",
      "Created By": "1738056855901x788314217656593800",
      "Created Date": "2025-01-28T11:36:26.037Z",
      "Classification_txt": "Service",
      "Classification": "Service",
      "Modified Date": "2025-04-09T12:07:22.139Z",
      "Add New Vendor": false,
      "_id": "1738064184662x711640483565142000",
      "Unpaid_Amount": 862.5,
      "Company": "1738057169153x904406618343997400"
    },
    {
      "Name": " Smartone Service",
      "Classification_txt": "Service",
      "Modified Date": "2025-02-04T10:17:02.146Z",
      "_id": "1738587576199x788974035404062700",
      "Unpaid_Amount": 0,
      "Created Date": "2025-02-03T12:59:37.169Z",
      "Classification": "Service",
      "Company": "1738584973328x966150037554593800",
      "Add New Vendor": false,
      "Created By": "1738584786806x352475133539575940"
    },
    {
      "Unpaid_Amount": 3950.25,
      "Name": "Smartone Spare parts",
      "Classification": "Spare Parts",
      "Company": "1738057169153x904406618343997400",
      "Modified Date": "2025-04-09T12:11:22.594Z",
      "Created Date": "2025-02-04T09:51:04.059Z",
      "Created By": "1738056855901x788314217656593800",
      "Archive": false,
      "Classification_txt": "Spare Parts",
      "_id": "1738662661774x491666361702940700",
      "Add New Vendor": false
    },
    {
      "Created Date": "2025-02-04T10:17:26.746Z",
      "Name": "Smartone Spare Parts",
      "Unpaid_Amount": 0,
      "Created By": "1738584786806x352475133539575940",
      "Modified Date": "2025-02-04T10:17:26.747Z",
      "Classification_txt": "Spare Parts",
      "Add New Vendor": false,
      "Archive": false,
      "Classification": "Spare Parts",
      "_id": "1738664245705x934214686953439200",
      "Company": "1738584973328x966150037554593800"
    },
    {
      "_id": "1739282603829x503336620763381760",
      "Created By": "1737373354867x528139476570145500",
      "Classification_txt": "Other",
      "Classification": "other finance Classification",
      "Add New Vendor": false,
      "Unpaid_Amount": 0,
      "Company": "1735469595658x227608463719268350",
      "Archive": false,
      "Modified Date": "2025-03-06T09:07:58.505Z",
      "Contact Name": "2",
      "Created Date": "2025-02-11T14:03:26.803Z",
      "Name": "العماد",
      "mobile number": "01008158883"
    },
    {
      "Created By": "1739449743671x493450923841438640",
      "Contact Name": "Numquam illum ut ut",
      "Email": "tetino@mailinator.com",
      "Archive": false,
      "Company": "1739449763289x169809257707077630",
      "Address": "Et voluptates et sun",
      "Name": "Aliquam velit alias ",
      "Modified Date": "2025-02-13T14:28:03.758Z",
      "Website": "Rerum sequi iste quo",
      "Unpaid_Amount": 8100810,
      "Add New Vendor": false,
      "Classification": "Fuel",
      "Created Date": "2025-02-13T13:30:41.267Z",
      "Classification_txt": "Fuel",
      "_id": "1739453438895x100519437683392510"
    },
    {
      "Created By": "1739449743671x493450923841438640",
      "Created Date": "2025-02-13T13:31:03.664Z",
      "Archive": false,
      "Contact Name": "Et a rerum est quia ",
      "Address": "Rem totam corporis s",
      "Email": "hifef@mailinator.com",
      "Unpaid_Amount": 0,
      "Modified Date": "2025-02-13T13:31:03.665Z",
      "Classification": "Service",
      "Company": "1739449763289x169809257707077630",
      "Add New Vendor": false,
      "_id": "1739453461624x703935762608685000",
      "Website": "Quia velit suscipit",
      "Classification_txt": "Service",
      "Name": "Est laudantium itaq"
    },
    {
      "Company": "1739449763289x169809257707077630",
      "Created By": "1739449743671x493450923841438640",
      "Created Date": "2025-02-13T13:31:13.356Z",
      "Contact Name": "Sunt voluptatem est ",
      "Unpaid_Amount": 8092.71,
      "Add New Vendor": false,
      "Email": "bepyz@mailinator.com",
      "Name": "Quo voluptatem deser",
      "Archive": false,
      "Classification_txt": "Fuel",
      "Website": "Praesentium repudian",
      "_id": "1739453471177x441994136429789200",
      "Classification": "Fuel",
      "Address": "In nulla dolor velit",
      "Modified Date": "2025-02-13T14:21:22.322Z"
    },
    {
      "Classification": "other finance Classification",
      "Modified Date": "2025-02-13T13:32:47.770Z",
      "Email": "nofaxob@mailinator.com",
      "Unpaid_Amount": 0,
      "Company": "1739449763289x169809257707077630",
      "Created Date": "2025-02-13T13:32:23.117Z",
      "Archive": false,
      "_id": "1739453540981x362403220116733950",
      "Website": "Qui sit deleniti nis",
      "Address": "Cum animi dicta dol",
      "Created By": "1739449743671x493450923841438640",
      "Contact Name": "Sed sit in ut solut",
      "Name": "Corporis qui volupta",
      "Add New Vendor": false,
      "Classification_txt": "Other"
    },
    {
      "Add New Vendor": false,
      "Created Date": "2025-02-18T11:46:59.676Z",
      "Company": "1739449763289x169809257707077630",
      "Classification_txt": "Fuel",
      "Classification": "Fuel",
      "Created By": "1739449743671x493450923841438640",
      "_id": "1739879218632x873077249990721500",
      "Name": "test",
      "Archive": false,
      "Modified Date": "2025-02-18T11:46:59.677Z",
      "Unpaid_Amount": 0
    },
    {
      "Add New Vendor": false,
      "Modified Date": "2025-02-18T11:47:09.307Z",
      "Archive": false,
      "Company": "1739449763289x169809257707077630",
      "Classification": "Service",
      "Created Date": "2025-02-18T11:47:09.306Z",
      "_id": "1739879229020x303820808519680000",
      "Created By": "1739449743671x493450923841438640",
      "Unpaid_Amount": 0,
      "Name": "test2",
      "Classification_txt": "Service"
    },
    {
      "Classification": "Spare Parts",
      "Name": "test4",
      "_id": "1739879238299x283704535526932480",
      "Unpaid_Amount": 0,
      "Add New Vendor": false,
      "Archive": false,
      "Company": "1739449763289x169809257707077630",
      "Created By": "1739449743671x493450923841438640",
      "Created Date": "2025-02-18T11:47:18.772Z",
      "Classification_txt": "Spare Parts",
      "Modified Date": "2025-02-18T11:47:18.775Z"
    },
    {
      "Created Date": "2025-02-18T15:49:50.349Z",
      "Classification": "Fuel",
      "_id": "1739893788876x902433488552067100",
      "Name": "V1",
      "mobile number": "72772727",
      "Created By": "1739882499950x171502164527437280",
      "Company": "1739882596959x964556321440137200",
      "Add New Vendor": false,
      "Website": "vendors.com",
      "Address": "5678988",
      "Classification_txt": "Fuel",
      "Contact Name": "vendor1",
      "Email": "V1@vendors.com",
      "Archive": false,
      "Unpaid_Amount": 495000,
      "Modified Date": "2025-02-18T18:02:35.095Z"
    },
    {
      "Address": "gheiwoq",
      "Classification_txt": "Service",
      "Contact Name": "vendor2",
      "Add New Vendor": false,
      "_id": "1739893861257x431538355967885300",
      "Created Date": "2025-02-18T15:51:02.382Z",
      "mobile number": "6765456",
      "Unpaid_Amount": 0,
      "Company": "1739882596959x964556321440137200",
      "Created By": "1739882499950x171502164527437280",
      "Name": "V2",
      "Website": "by.vocm",
      "Email": "V2@vendors.com",
      "Modified Date": "2025-02-18T15:51:02.383Z",
      "Classification": "Service",
      "Archive": false
    },
    {
      "Classification": "Spare Parts",
      "Modified Date": "2025-02-27T19:32:22.592Z",
      "Unpaid_Amount": 37824,
      "Created Date": "2025-02-18T15:51:44.736Z",
      "mobile number": "00000000000",
      "Website": "cloud.org",
      "Company": "1739882596959x964556321440137200",
      "Classification_txt": "Spare Parts",
      "Contact Name": "vendor3 ",
      "Name": "V3",
      "_id": "1739893903816x322850741431566340",
      "Created By": "1739882499950x171502164527437280",
      "Email": "vendor3@icloud.com",
      "Add New Vendor": false,
      "Archive": false,
      "Address": "hrjdsso"
    },
    {
      "_id": "1739968140833x353385667012067300",
      "Company": "1732985019622x163136005819858940",
      "Modified Date": "2025-02-19T12:27:36.003Z",
      "Created Date": "2025-02-19T12:27:36.002Z",
      "Name": "محمد سعيد",
      "Classification": "Spare Parts",
      "Archive": false,
      "Add New Vendor": false,
      "Unpaid_Amount": 0,
      "Classification_txt": "Spare Parts",
      "Created By": "1738767203576x736397652964099200"
    },
    {
      "Modified Date": "2025-02-19T12:28:00.308Z",
      "Classification": "Spare Parts",
      "Archive": false,
      "Created By": "1738767203576x736397652964099200",
      "_id": "1739968165226x374294698356637700",
      "Company": "1732985019622x163136005819858940",
      "Unpaid_Amount": 0,
      "Name": "احمد داوود",
      "Add New Vendor": false,
      "Classification_txt": "Spare Parts",
      "Created Date": "2025-02-19T12:28:00.307Z"
    },
    {
      "Modified Date": "2025-02-19T12:28:14.591Z",
      "Add New Vendor": false,
      "Archive": false,
      "Created By": "1738767203576x736397652964099200",
      "Unpaid_Amount": 0,
      "Classification_txt": "Spare Parts",
      "_id": "1739968179456x576457981370040300",
      "Classification": "Spare Parts",
      "Company": "1732985019622x163136005819858940",
      "Created Date": "2025-02-19T12:28:14.590Z",
      "Name": "العراقى"
    },
    {
      "Classification": "Fuel",
      "_id": "1739969211961x518457632656195600",
      "Created By": "1738767203576x736397652964099200",
      "Unpaid_Amount": 0,
      "Created Date": "2025-02-19T12:45:27.212Z",
      "Name": "سولار كاش",
      "Classification_txt": "Fuel",
      "Add New Vendor": false,
      "Modified Date": "2025-03-09T08:53:37.873Z",
      "Archive": false,
      "Company": "1732985019622x163136005819858940"
    },
    {
      "Unpaid_Amount": 0,
      "_id": "1739970273248x307182796938936300",
      "Modified Date": "2025-02-19T13:03:08.504Z",
      "Classification_txt": "Spare Parts",
      "Add New Vendor": false,
      "Created By": "1738767203576x736397652964099200",
      "Classification": "Spare Parts",
      "Company": "1732985019622x163136005819858940",
      "Archive": false,
      "Name": "True Oil",
      "Created Date": "2025-02-19T13:03:08.503Z"
    },
    {
      "Name": "دكتور جريش ",
      "Modified Date": "2025-02-22T11:52:49.675Z",
      "Created Date": "2025-02-22T11:50:06.191Z",
      "Classification_txt": "Other",
      "Classification": "other finance Classification",
      "Unpaid_Amount": 0,
      "Archive": false,
      "Company": "1735469595658x227608463719268350",
      "Address": "العاشر من رمضان  المنطه التالته",
      "Add New Vendor": false,
      "_id": "1740225005353x289380500604190700",
      "Created By": "1737283871803x137750688503897710"
    },
    {
      "Modified Date": "2025-03-03T09:20:43.296Z",
      "Unpaid_Amount": 0,
      "Contact Name": "حسن الكهربائى",
      "Address": "العاشر من رمضان",
      "Classification_txt": "Service",
      "Classification": "Service",
      "_id": "1740993708603x153861416755134460",
      "Company": "1732985019622x163136005819858940",
      "Archive": false,
      "Created By": "1738767203576x736397652964099200",
      "Add New Vendor": false,
      "Name": "حسن الكهربائى",
      "Created Date": "2025-03-03T09:20:43.295Z"
    },
    {
      "Address": "address",
      "Name": "New Vendor",
      "Website": "websiteeee",
      "Company": "1713834343804x153591611363164160",
      "Created Date": "2025-03-03T20:34:51.216Z",
      "Classification_txt": "Fuel",
      "Archive": false,
      "Created By": "1731305901181x544477283583706400",
      "Contact Name": "Contact name",
      "Email": "efefef@fjw.com",
      "Add New Vendor": false,
      "Classification": "Fuel",
      "_id": "1741034088847x794676084634550300",
      "Modified Date": "2025-03-10T11:36:29.609Z",
      "mobile number": "30301023050"
    },
    {
      "Unpaid_Amount": 0,
      "Modified Date": "2025-03-03T20:35:57.986Z",
      "Created By": "1731305901181x544477283583706400",
      "Email": "deaa@ted.com",
      "Archive": false,
      "Address": "de",
      "Company": "1713834343804x153591611363164160",
      "Name": "New Vendor",
      "Website": "weojeoj",
      "Classification_txt": "Fuel",
      "Add New Vendor": false,
      "_id": "1741034156595x219805364471726100",
      "Created Date": "2025-03-03T20:35:57.985Z",
      "Classification": "Fuel",
      "Contact Name": "Vendorrr",
      "mobile number": "20395192305"
    },
    {
      "Classification_txt": "Fuel",
      "Classification": "Fuel",
      "Unpaid_Amount": 0,
      "Company": "1713834343804x153591611363164160",
      "Modified Date": "2025-03-03T21:22:09.472Z",
      "Archive": false,
      "_id": "1741034676437x749324665950044200",
      "Add New Vendor": false,
      "Name": "Save and add another",
      "Created Date": "2025-03-03T20:44:37.365Z",
      "Created By": "1731305901181x544477283583706400"
    },
    {
      "Created By": "1731305901181x544477283583706400",
      "Modified Date": "2025-03-06T00:58:53.295Z",
      "Classification": "Fuel",
      "Created Date": "2025-03-03T21:23:17.694Z",
      "Archive": false,
      "Name": "VVV",
      "Company": "1713834343804x153591611363164160",
      "_id": "1741036996759x412200505193529340",
      "Add New Vendor": false,
      "Classification_txt": "Fuel"
    },
    {
      "Archive": false,
      "Unpaid_Amount": 0,
      "Classification": "Service",
      "Classification_txt": "Service",
      "company_data": "1732985019622x163136005819858940",
      "Modified Date": "2025-03-09T08:55:40.334Z",
      "Add New Vendor": false,
      "Name": "بيان",
      "Created By": "1738767203576x736397652964099200",
      "_id": "1741511156884x293995166281236500",
      "Created Date": "2025-03-09T08:55:40.332Z",
      "Company": "1732985019622x163136005819858940"
    },
    {
      "Add New Vendor": false,
      "Unpaid_Amount": 0,
      "Name": "الفهد",
      "Classification": "Service",
      "Modified Date": "2025-03-09T09:01:13.158Z",
      "Created Date": "2025-03-09T09:01:13.157Z",
      "Created By": "1738767203576x736397652964099200",
      "company_data": "1732985019622x163136005819858940",
      "_id": "1741511489804x204962713330253820",
      "Classification_txt": "Service",
      "Company": "1732985019622x163136005819858940",
      "Archive": false
    },
    {
      "_id": "1741512352910x572933789450240000",
      "Modified Date": "2025-03-09T09:15:35.925Z",
      "Unpaid_Amount": 0,
      "company_data": "1732985019622x163136005819858940",
      "Classification_txt": "Spare Parts",
      "Name": "البنهاوى",
      "Add New Vendor": false,
      "Created Date": "2025-03-09T09:15:35.924Z",
      "Classification": "Spare Parts",
      "Created By": "1738767203576x736397652964099200",
      "Company": "1732985019622x163136005819858940",
      "Archive": false
    },
    {
      "_id": "1741513168368x507372153280397300",
      "Archive": false,
      "Created Date": "2025-03-09T09:29:11.202Z",
      "company_data": "1732985019622x163136005819858940",
      "Classification": "Spare Parts",
      "Name": "بيان \"",
      "Modified Date": "2025-03-09T09:29:11.203Z",
      "Company": "1732985019622x163136005819858940",
      "Created By": "1738767203576x736397652964099200",
      "Unpaid_Amount": 0,
      "Classification_txt": "Spare Parts",
      "Add New Vendor": false
    },
    {
      "Company": "1735469595658x227608463719268350",
      "_id": "1741611806941x637125400883363800",
      "Name": "الصفوه لتجاره قطع الغيارالسيارت",
      "Classification": "Spare Parts",
      "Unpaid_Amount": 0,
      "Created Date": "2025-03-10T13:03:27.482Z",
      "Created By": "1737283871803x137750688503897710",
      "Classification_txt": "Spare Parts",
      "Add New Vendor": false,
      "company_data": "1735469595658x227608463719268350",
      "mobile number": "01553410320",
      "Address": "العاشر من رمضان",
      "Archive": false,
      "Modified Date": "2025-03-10T13:03:27.483Z",
      "Website": "0",
      "Contact Name": "الصفوه"
    },
    {
      "Address": "تقسيم ام سى ق 32 المركز العالمى العاشر من رمضان",
      "Add New Vendor": false,
      "Website": "ElsafWagmail .com",
      "Name": "الصفوه لتجاره قطع غيار السيارات",
      "Unpaid_Amount": 0,
      "Classification_txt": "Spare Parts",
      "Modified Date": "2025-03-11T10:37:33.045Z",
      "Company": "1735469595658x227608463719268350",
      "Archive": false,
      "Contact Name": "رباب احمد محمد حرفوش",
      "company_data": "1735469595658x227608463719268350",
      "_id": "1741682968833x609113394521309200",
      "Classification": "Spare Parts",
      "Created By": "1737373354867x528139476570145500",
      "Created Date": "2025-03-11T08:49:28.693Z"
    },
    {
      "Created By": "1742042465210x683266572069483500",
      "Add New Vendor": false,
      "Name": "بنزين",
      "Company": "1742033745360x953279868566765600",
      "Classification_txt": "Fuel",
      "Archive": false,
      "Created Date": "2025-03-15T13:53:14.680Z",
      "_id": "1742046793871x961738574520385500",
      "company_data": "1742033745360x953279868566765600",
      "Modified Date": "2025-05-07T19:06:45.682Z",
      "Classification": "Fuel"
    },
    {
      "_id": "1744033612901x698068618982195200",
      "Created By": "1743950023645x243390667948837360",
      "Archive": false,
      "Company": "1743950208691x593876883984351200",
      "Name": "Smart One-Service",
      "company_data": "1743950208691x593876883984351200",
      "Classification": "Service",
      "Classification_txt": "Service",
      "Modified Date": "2025-05-17T09:05:02.859Z",
      "Created Date": "2025-04-07T13:46:55.346Z",
      "Add New Vendor": false,
      "Unpaid_Amount": 0
    },
    {
      "Add New Vendor": false,
      "Classification_txt": "Spare Parts",
      "Classification": "Spare Parts",
      "Created Date": "2025-04-07T13:47:14.721Z",
      "Archive": false,
      "company_data": "1743950208691x593876883984351200",
      "Modified Date": "2025-05-14T17:59:56.341Z",
      "Created By": "1743950023645x243390667948837360",
      "Name": "Smart one - Spare parts",
      "_id": "1744033633653x541578662914818050",
      "Unpaid_Amount": 0,
      "Company": "1743950208691x593876883984351200"
    },
    {
      "Archive": false,
      "Modified Date": "2025-05-07T19:16:40.929Z",
      "Unpaid_Amount": 0,
      "Add New Vendor": false,
      "Classification": "other finance Classification",
      "Classification_txt": "Other",
      "mobile number": "0120000002",
      "Company": "1742033745360x953279868566765600",
      "_id": "1744105318823x969076087064625200",
      "Created Date": "2025-04-08T09:41:59.618Z",
      "Created By": "1742047617031x537356019116484800",
      "company_data": "1742033745360x953279868566765600",
      "Name": "كارته وطنية"
    },
    {
      "Created Date": "2025-04-11T13:00:06.711Z",
      "Classification_txt": "Other",
      "Modified Date": "2025-05-12T07:35:35.363Z",
      "Archive": false,
      "Classification": "other finance Classification",
      "Name": " Smart One-Service",
      "Unpaid_Amount": 0,
      "_id": "1744376405390x460273000724824060",
      "Created By": "1743950023645x243390667948837360",
      "Add New Vendor": false,
      "Company": "1743950208691x593876883984351200",
      "company_data": "1743950208691x593876883984351200"
    },
    {
      "_id": "1746646950387x604088220152496100",
      "Modified Date": "2025-05-08T08:25:55.998Z",
      "Classification": "other finance Classification",
      "Created By": "1742047617031x537356019116484800",
      "Created Date": "2025-05-07T19:42:31.673Z",
      "Archive": false,
      "Unpaid_Amount": 0,
      "company_data": "1742033745360x953279868566765600",
      "Classification_txt": "other finance Classification",
      "Add New Vendor": false,
      "Company": "1742033745360x953279868566765600",
      "Name": "صيانات متنوعة "
    }
  ]
}