{
  "results": [
    {
      "Warehouse_name": "مخزن 1",
      "total_stock_value": 6500,
      "Modified Date": "2024-09-05T08:32:25.680Z",
      "_id": "1725482951189x422416273263820800",
      "Created By": "1719917992037x989969229545109600",
      "Created Date": "2024-09-04T20:49:11.706Z",
      "Selected": false,
      "Archieved": false,
      "Is_Empty": true,
      "Company_Id": "1719918188002x272583451558019070"
    },
    {
      "Created By": "1719917992037x989969229545109600",
      "Is_Empty": true,
      "Company_Id": "1719918188002x272583451558019070",
      "Archieved": false,
      "Warehouse_name": "مخزن الإسكندرية",
      "_id": "1725521337043x273239713991884800",
      "Modified Date": "2024-09-05T08:33:10.548Z",
      "total_stock_value": 15500,
      "Created Date": "2024-09-05T07:29:37.820Z",
      "Selected": false
    },
    {
      "Modified Date": "2024-09-05T08:33:10.548Z",
      "Company_Id": "1719918188002x272583451558019070",
      "Created By": "1719917992037x989969229545109600",
      "Archieved": false,
      "Warehouse_name": "مخزن الرئيسي",
      "_id": "1725521639261x667139287614226400",
      "Selected": false,
      "total_stock_value": 19000,
      "Is_Empty": true,
      "Created Date": "2024-09-05T07:34:39.771Z"
    },
    {
      "Archieved": false,
      "Company_Id": "1713834343804x153591611363164160",
      "Created By": "1713833921394x926326117915323600",
      "Modified Date": "2025-05-11T20:21:25.896Z",
      "Selected": false,
      "total_stock_value": -115625,
      "Warehouse_name": "اسكندرية",
      "_id": "1726317655396x993979221051179000",
      "address": "العامرية",
      "Created Date": "2024-09-14T12:40:55.950Z",
      "Is_Empty": true
    },
    {
      "address": "٣٣ العامرية الاسكندرية",
      "Company_Id": "1711939174760x242104073336651780",
      "Created Date": "2024-09-17T15:01:24.454Z",
      "Is_Empty": true,
      "Modified Date": "2024-09-17T23:00:39.354Z",
      "Created By": "1711938808706x301630168259237060",
      "total_stock_value": 63600,
      "Warehouse_name": "الاسكندرية",
      "Selected": false,
      "_id": "1726585281892x798012255790694400",
      "Archieved": false
    },
    {
      "Archieved": false,
      "Warehouse_name": "cairo",
      "Is_Empty": true,
      "Modified Date": "2025-05-11T20:21:25.896Z",
      "Company_Id": "1713834343804x153591611363164160",
      "Selected": false,
      "_id": "1728124335641x154723613667229700",
      "Created By": "1713833921394x926326117915323600",
      "total_stock_value": 177927,
      "Created Date": "2024-10-05T10:32:16.175Z"
    },
    {
      "Archieved": false,
      "Warehouse_name": "alex",
      "Company_Id": "1727881888896x522624022557491200",
      "Modified Date": "2024-11-27T09:36:15.432Z",
      "total_stock_value": 300000,
      "_id": "1728316361633x967285018025787400",
      "Is_Empty": true,
      "Created Date": "2024-10-07T15:52:40.638Z",
      "Created By": "1727881772998x298245356141130700",
      "Selected": false
    },
    {
      "Is_Empty": true,
      "Modified Date": "2024-10-14T06:37:53.818Z",
      "Archieved": false,
      "Warehouse_name": "مخزن قطع السيارات",
      "total_stock_value": 3000,
      "_id": "1728880803212x104525705166979070",
      "Selected": false,
      "Created Date": "2024-10-14T03:40:07.798Z",
      "Created By": "1717166970436x554697647428963800",
      "address": "القاهرة",
      "Company_Id": "1717327111981x458026408256733200"
    },
    {
      "Selected": false,
      "total_stock_value": 8818717.5,
      "Created Date": "2024-10-23T18:31:12.045Z",
      "Company_Id": "1713834343804x153591611363164160",
      "Created By": "1713833921394x926326117915323600",
      "Modified Date": "2025-05-11T20:21:25.897Z",
      "address": "1portsaid road 12",
      "Archieved": false,
      "Warehouse_name": "1Portsaid 1",
      "_id": "1729708271310x624106167507353600",
      "Is_Empty": true
    },
    {
      "Modified Date": "2025-05-11T20:21:25.897Z",
      "Archieved": false,
      "Created By": "1713833921394x926326117915323600",
      "Selected": false,
      "Created Date": "2024-10-24T13:43:58.132Z",
      "Is_Empty": true,
      "Company_Id": "1713834343804x153591611363164160",
      "total_stock_value": 59650,
      "Warehouse_name": "Mansoura",
      "_id": "1729777437121x595093258607001600",
      "address": "12 Mansoura st."
    },
    {
      "total_stock_value": 0,
      "Company_Id": "1713834343804x153591611363164160",
      "Is_Empty": true,
      "Created By": "1713833921394x926326117915323600",
      "_id": "1729859198281x496410330592968700",
      "Created Date": "2024-10-25T12:26:38.990Z",
      "Modified Date": "2024-10-25T12:26:43.092Z",
      "Warehouse_name": "hwdfb",
      "Archieved": true,
      "address": "efuwh",
      "Selected": false
    },
    {
      "Company_Id": "1729092982497x927417930882744300",
      "Created Date": "2024-11-03T23:05:00.739Z",
      "Modified Date": "2025-04-09T14:51:20.473Z",
      "_id": "1730675099914x951968906514006000",
      "Archieved": false,
      "Warehouse_name": "Alexandria",
      "address": "Nozha st",
      "total_stock_value": 28800,
      "Created By": "1729092750500x697359453264522900",
      "Is_Empty": true,
      "Selected": false
    },
    {
      "Is_Empty": true,
      "Selected": false,
      "Created By": "1730285904785x946888795859787800",
      "Created Date": "2024-11-04T08:39:30.365Z",
      "address": "جنب المكتب",
      "Company_Id": "1730286007893x910078784651132900",
      "Warehouse_name": "مخزن (1)",
      "Modified Date": "2024-11-05T16:20:55.832Z",
      "_id": "1730709570098x115981260521996290",
      "Archieved": false,
      "total_stock_value": 39705
    },
    {
      "Selected": false,
      "Warehouse_name": "مخزن (2)",
      "Company_Id": "1730286007893x910078784651132900",
      "Is_Empty": true,
      "_id": "1730709603505x524304524083200000",
      "address": "جنب مخزن (1)",
      "Created Date": "2024-11-04T08:40:03.332Z",
      "Created By": "1730285904785x946888795859787800",
      "Modified Date": "2024-11-04T08:47:11.940Z",
      "Archieved": false
    },
    {
      "Selected": false,
      "address": "جنب مخزن (2)",
      "Warehouse_name": "مخزن الكاوتش",
      "_id": "1730709640007x456094182832078850",
      "Company_Id": "1730286007893x910078784651132900",
      "Created By": "1730285904785x946888795859787800",
      "Created Date": "2024-11-04T08:40:39.843Z",
      "Archieved": false,
      "Is_Empty": true,
      "Modified Date": "2024-11-04T08:47:11.940Z"
    },
    {
      "_id": "1730709703649x806240019821363200",
      "Company_Id": "1730286007893x910078784651132900",
      "Created Date": "2024-11-04T08:41:43.426Z",
      "Modified Date": "2024-11-05T09:39:10.134Z",
      "total_stock_value": 1,
      "Selected": false,
      "Created By": "1730285904785x946888795859787800",
      "Archieved": false,
      "address": "في مبني مهندس حمادة",
      "Is_Empty": true,
      "Warehouse_name": "مخزن الزيت"
    },
    {
      "total_stock_value": 2,
      "Warehouse_name": "مخزن (3)",
      "_id": "1730709745848x209508579974840320",
      "Created By": "1730285904785x946888795859787800",
      "Created Date": "2024-11-04T08:42:25.745Z",
      "address": "في مبني مهندس حمادة",
      "Company_Id": "1730286007893x910078784651132900",
      "Archieved": false,
      "Selected": false,
      "Is_Empty": true,
      "Modified Date": "2024-11-05T16:20:55.846Z"
    },
    {
      "Archieved": false,
      "Company_Id": "1730286007893x910078784651132900",
      "Modified Date": "2024-11-04T08:47:11.943Z",
      "Created By": "1730285904785x946888795859787800",
      "Is_Empty": true,
      "address": "جنب مبني مهندس حمادة",
      "Selected": false,
      "_id": "1730709906147x201830556441247740",
      "Created Date": "2024-11-04T08:45:06.170Z",
      "Warehouse_name": "كونتينر كاوتش"
    },
    {
      "Warehouse_name": "كونتينر مواتير",
      "Archieved": false,
      "_id": "1730709970512x860906477074251800",
      "Created Date": "2024-11-04T08:46:10.471Z",
      "address": "جنب كونتينر كاوتش",
      "Company_Id": "1730286007893x910078784651132900",
      "Is_Empty": true,
      "Selected": false,
      "Created By": "1730285904785x946888795859787800",
      "Modified Date": "2024-11-04T08:47:11.943Z"
    },
    {
      "Company_Id": "1732804450217x740150368369901600",
      "Created By": "1732804320460x992780518977438000",
      "Warehouse_name": "Warehouse R",
      "Modified Date": "2024-11-29T14:55:15.130Z",
      "total_stock_value": 21150,
      "address": "Riyadh",
      "Archieved": false,
      "Selected": false,
      "Is_Empty": true,
      "_id": "1732882801274x103119873874329600",
      "Created Date": "2024-11-29T12:20:02.184Z"
    },
    {
      "Created Date": "2024-11-29T13:49:48.876Z",
      "Is_Empty": true,
      "address": "Jeddah",
      "Created By": "1732804320460x992780518977438000",
      "Archieved": false,
      "Selected": false,
      "total_stock_value": 13625,
      "Modified Date": "2024-11-29T14:55:15.130Z",
      "Warehouse_name": "Warehouse J",
      "_id": "1732888188159x222085130603724800",
      "Company_Id": "1732804450217x740150368369901600"
    },
    {
      "Warehouse_name": "borg el arab",
      "_id": "1734979007282x842098406629834800",
      "Created By": "1731305901181x544477283583706400",
      "Selected": false,
      "total_stock_value": 67117675,
      "Created Date": "2024-12-23T18:36:46.636Z",
      "address": "new borg el arab",
      "Company_Id": "1713834343804x153591611363164160",
      "Modified Date": "2025-05-11T20:21:25.897Z",
      "Archieved": false,
      "Is_Empty": true
    },
    {
      "Created By": "1730287489249x855583321331188400",
      "Selected": false,
      "total_stock_value": 50000,
      "Company_Id": "1730287617230x234588565125201900",
      "Modified Date": "2024-12-30T08:52:04.954Z",
      "Created Date": "2024-12-30T08:50:55.181Z",
      "Is_Empty": true,
      "Archieved": false,
      "Warehouse_name": "GH",
      "_id": "1735548654434x639861737077342200"
    },
    {
      "Modified Date": "2025-01-15T18:32:06.229Z",
      "Selected": false,
      "Created By": "1731305901181x544477283583706400",
      "Company_Id": "1713834343804x153591611363164160",
      "address": "aswan-pid",
      "Created Date": "2025-01-15T15:12:48.939Z",
      "Warehouse_name": "aswanggg",
      "_id": "1736953966366x458841475835494400",
      "Archieved": false,
      "Is_Empty": true
    },
    {
      "Created By": "1732984893766x612362312558185200",
      "Modified Date": "2025-02-23T09:06:17.742Z",
      "total_stock_value": 0,
      "Warehouse_name": "مخزن 1",
      "_id": "1737289054448x415934913942650900",
      "Created Date": "2025-01-19T12:17:35.304Z",
      "Selected": false,
      "Archieved": false,
      "Company_Id": "1732985019622x163136005819858940",
      "Is_Empty": true
    },
    {
      "total_stock_value": 3555,
      "Modified Date": "2025-02-01T13:44:37.487Z",
      "Warehouse_name": "Riyadh",
      "_id": "1738335542105x821721126332792800",
      "Company_Id": "1733123557808x957805210032668700",
      "Created By": "1733123315605x964960845800401800",
      "Selected": false,
      "Archieved": false,
      "address": "Riyadh",
      "Created Date": "2025-01-31T14:59:02.843Z",
      "Is_Empty": true
    },
    {
      "total_stock_value": 1175,
      "Created Date": "2025-01-31T15:37:43.625Z",
      "Archieved": false,
      "Created By": "1733123315605x964960845800401800",
      "Is_Empty": true,
      "Selected": false,
      "address": "Jeddah",
      "Warehouse_name": "Jeddah",
      "_id": "1738337862984x319862579926401000",
      "Company_Id": "1733123557808x957805210032668700",
      "Modified Date": "2025-01-31T15:42:36.206Z"
    },
    {
      "_id": "1739457033429x294733309318266900",
      "Selected": false,
      "Warehouse_name": "warehouse",
      "Is_Empty": true,
      "Archieved": false,
      "Created Date": "2025-02-13T14:30:35.403Z",
      "total_stock_value": 81810,
      "Modified Date": "2025-02-13T14:38:44.327Z",
      "Created By": "1739449743671x493450923841438640",
      "Company_Id": "1739449763289x169809257707077630"
    },
    {
      "_id": "1739902157510x611856201512910800",
      "Created Date": "2025-02-18T18:09:18.384Z",
      "Archieved": false,
      "Created By": "1739882499950x171502164527437280",
      "Selected": false,
      "address": "gfhjiop",
      "Modified Date": "2025-02-27T19:36:34.082Z",
      "Company_Id": "1739882596959x964556321440137200",
      "Is_Empty": true,
      "total_stock_value": 3230800,
      "Warehouse_name": "warehouse "
    },
    {
      "_id": "1740678109008x670051263186206700",
      "Modified Date": "2025-02-27T19:37:22.843Z",
      "Created By": "1739882499950x171502164527437280",
      "total_stock_value": 1520111,
      "Created Date": "2025-02-27T17:41:50.843Z",
      "Company_Id": "1739882596959x964556321440137200",
      "address": "FGHJKL;",
      "Archieved": false,
      "Is_Empty": true,
      "Warehouse_name": "W1.",
      "Selected": false
    },
    {
      "address": "bgbgbgb",
      "Warehouse_name": "w3",
      "_id": "1740685058745x817921326935965700",
      "total_stock_value": 709200,
      "Created By": "1739882499950x171502164527437280",
      "Modified Date": "2025-02-27T19:38:09.178Z",
      "Company_Id": "1739882596959x964556321440137200",
      "Archieved": false,
      "Created Date": "2025-02-27T19:37:39.444Z",
      "Is_Empty": true,
      "Selected": false
    }
  ]
}